"Time","PS_1","PS_2","PS_3","PS_4","PS_5","Y"
0,3.74,3.74,2.54,2.54,2.84,1
4.74371E-06,3.74,3.740000001,2.54,2.54,2.84,1
6.41801E-06,3.74,3.740000001,2.54,2.54,2.84,1
6.91288E-06,3.74,3.740000002,2.54,2.54,2.84,1
7.40776E-06,3.74,3.740000002,2.54,2.54,2.84,1
8.07661E-06,3.74,3.740000002,2.54,2.54,2.84,1
8.74545E-06,3.74,3.740000002,2.54,2.54,2.84,1
9.4143E-06,3.74,3.740000002,2.54,2.54,2.84,1
1.04219E-05,3.74,3.740000002,2.54,2.54,2.84,1
1.1861E-05,3.74,3.740000003,2.54,2.54,2.84,1
1.33001E-05,3.74,3.740000003,2.54,2.54,2.84,1
1.50687E-05,3.74,3.740000004,2.54,2.54,2.84,1
1.75164E-05,3.74,3.740000004,2.54,2.54,2.84,1
2.05582E-05,3.74,3.740000005,2.54,2.54,2.84,1
2.36E-05,3.74,3.740000006,2.54,2.54,2.84,1
2.73913E-05,3.74,3.740000007,2.54,2.54,2.84,1
3.11826E-05,3.74,3.740000008,2.54,2.54,2.84,1
3.49739E-05,3.74,3.740000009,2.54,2.54,2.84,1
3.77428E-05,3.74,3.740000009,2.54,2.54,2.84,1
4.05118E-05,3.74,3.74000001,2.54,2.54,2.84,1
4.81308E-05,3.74,3.740000012,2.54,2.54,2.84,1
6.08762E-05,3.74,3.740000015,2.54,2.54,2.84,1
7.36215E-05,3.74,3.740000019,2.54,2.54,2.84,1
8.63669E-05,3.74,3.740000022,2.54,2.54,2.84,1
9.91123E-05,3.74,3.740000025,2.54,2.54,2.84,1
0.000116654,3.74,3.74000003,2.54,2.54,2.84,1
0.000139793,3.74,3.740000036,2.54,2.54,2.84,1
0.000165651,3.74,3.740000043,2.54,2.54,2.84,1
0.00019151,3.74,3.740000049,2.54,2.54,2.84,1
0.000224076,3.74,3.740000058,2.54,2.54,2.84,1
0.000266362,3.74,3.740000069,2.54,2.54,2.84,1
0.000308649,3.74,3.740000081,2.54,2.54,2.84,1
0.000360659,3.74,3.740000095,2.54,2.54,2.84,1
0.000384918,3.74,3.740000101,2.54,2.54,2.84,1
0.00040385,3.74,3.740000106,2.539999999,2.54,2.84,1
0.000418351,3.74,3.74000011,2.539999999,2.54,2.84,1
0.000432851,3.74,3.740000114,2.539999999,2.54,2.84,1
0.000457918,3.74,3.740000121,2.539999999,2.54,2.84,1
0.000567061,3.74,3.740000151,2.539999999,2.54,2.84,1
0.000716016,3.740000001,3.740000191,2.539999999,2.54,2.84,1
0.000864971,3.740000001,3.740000232,2.539999999,2.54,2.84,1
0.000963281,3.740000001,3.74000026,2.539999998,2.54,2.84,1
0.001029691,3.740000001,3.740000278,2.539999998,2.54,2.84,1
0.001096101,3.740000001,3.740000297,2.539999998,2.54,2.84,1
0.001162512,3.740000001,3.740000315,2.539999998,2.539999999,2.84,1
0.001245615,3.740000001,3.740000338,2.539999997,2.539999999,2.84,1
0.00137151,3.740000002,3.740000373,2.539999997,2.539999999,2.84,1
0.001646893,3.740000002,3.740000451,2.539999995,2.539999999,2.839999999,1
0.001835292,3.740000003,3.740000504,2.539999995,2.539999999,2.839999999,1
0.002023692,3.740000003,3.740000557,2.539999993,2.539999999,2.839999999,1
0.002212091,3.740000003,3.740000611,2.539999992,2.539999998,2.839999999,1
0.002400491,3.740000004,3.740000664,2.539999991,2.539999998,2.839999999,1
0.00258889,3.740000004,3.740000718,2.53999999,2.539999998,2.839999999,1
0.00277729,3.740000005,3.740000771,2.539999989,2.539999998,2.839999998,1
0.002965689,3.740000005,3.740000825,2.539999988,2.539999997,2.839999998,1
0.003259105,3.740000006,3.740000909,2.539999986,2.539999997,2.839999998,1
0.00355252,3.740000007,3.740000993,2.539999984,2.539999997,2.839999997,1
0.003845935,3.740000007,3.740001077,2.539999982,2.539999996,2.839999997,1
0.004198235,3.740000008,3.740001178,2.539999979,2.539999996,2.839999996,1
0.004680426,3.74000001,3.740001317,2.539999976,2.539999995,2.839999996,1
0.005410008,3.740000012,3.740001528,2.53999997,2.539999993,2.839999994,1
0.005673992,3.740000013,3.740001604,2.539999968,2.539999993,2.839999994,1
0.005937976,3.740000014,3.740001681,2.539999965,2.539999992,2.839999993,1
0.00620196,3.740000015,3.740001757,2.539999963,2.539999992,2.839999993,1
0.006577053,3.740000016,3.740001866,2.539999959,2.539999991,2.839999992,1
0.0071394,3.740000018,3.740002029,2.539999954,2.539999989,2.839999991,1
0.007884516,3.740000021,3.740002246,2.539999946,2.539999987,2.839999989,1
0.008793477,3.740000025,3.740002511,2.539999936,2.539999985,2.839999987,1
0.009851487,3.740000029,3.740002819,2.539999924,2.539999982,2.839999983,1
0.010909496,3.740000034,3.740003128,2.539999911,2.539999978,2.83999998,1
0.011967506,3.740000039,3.740003438,2.539999897,2.539999974,2.839999976,1
0.012797449,3.740000043,3.740003681,2.539999886,2.539999971,2.839999973,1
0.013479117,3.740000046,3.740003881,2.539999876,2.539999968,2.839999971,1
0.013952987,3.740000049,3.74000402,2.53999987,2.539999966,2.839999969,1
0.014426856,3.740000051,3.740004158,2.539999863,2.539999964,2.839999967,1
0.015219397,3.740000055,3.740004391,2.539999851,2.539999961,2.839999963,1
0.016349971,3.740000061,3.740004723,2.539999833,2.539999955,2.839999958,1
0.017480546,3.740000067,3.740005055,2.539999815,2.53999995,2.839999953,1
0.018875754,3.740000075,3.740005465,2.539999792,2.539999943,2.839999946,1
0.020765879,3.740000086,3.740006021,2.539999759,2.539999932,2.839999936,1
0.023335885,3.740000101,3.740006777,2.539999712,2.539999917,2.839999921,1
0.026855813,3.740000123,3.740007814,2.539999643,2.539999894,2.839999898,1
0.031698505,3.740000155,3.740009241,2.53999954,2.539999859,2.839999864,1
0.036541198,3.740000188,3.740010669,2.539999428,2.539999819,2.839999825,1
0.042429474,3.740000231,3.740012404,2.539999282,2.539999766,2.839999772,1
0.049931092,3.74000029,3.740014615,2.539999081,2.53999969,2.839999698,1
0.058663974,3.740000361,3.740017188,2.539998827,2.53999959,2.839999602,1
0.067396855,3.740000437,3.740019758,2.539998552,2.53999948,2.839999498,1
0.078142865,3.740000535,3.740022917,2.53999819,2.539999329,2.839999358,1
0.091795199,3.740000666,3.740026926,2.539997693,2.539999117,2.839999162,1
0.105447533,3.740000804,3.740030927,2.539997158,2.539998882,2.839998946,1
0.121970961,3.740000979,3.740035761,2.539996464,2.53999857,2.839998654,1
0.142824503,3.740001211,3.740041846,2.539995522,2.539998132,2.839998238,1
0.163678045,3.740001455,3.740047916,2.539994511,2.539997646,2.839997775,1
0.188937712,3.740001764,3.740055246,2.539993201,2.539997,2.839997156,1
0.220714183,3.740002171,3.740064435,2.539991433,2.539996102,2.839996293,1
0.252490654,3.740002599,3.740073589,2.53998954,2.539995113,2.839995341,1
0.290746544,3.740003136,3.740084565,2.539987109,2.53999381,2.839994082,1
0.338594586,3.74000384,3.740098229,2.539983856,2.539992016,2.839992346,1
0.386442627,3.740004576,3.740111823,2.539980383,2.539990049,2.839990439,1
0.443884592,3.740005498,3.740128058,2.539975948,2.539987474,2.839987936,1
0.515453232,3.740006697,3.740148161,2.539970053,2.539983958,2.839984511,1
0.587021873,3.740007949,3.740168134,2.539963777,2.539980121,2.839980765,1
0.658590513,3.740009247,3.740187983,2.539957152,2.53997598,2.839976716,1
0.757652475,3.740011115,3.740215267,2.539947456,2.53996978,2.839970642,1
0.884354125,3.74001361,3.74024986,2.539934237,2.539961108,2.83996213,1
1.011055774,3.740016214,3.740284134,2.539920178,2.539951654,2.839952832,1
1.137757424,3.740018917,3.740318107,2.539905349,2.539941469,2.8399428,1
1.306077615,3.740022643,3.740362808,2.539884573,2.539926891,2.839928421,1
1.520414268,3.740027593,3.740419064,2.539856496,2.53990672,2.839908492,1
1.73475092,3.740032751,3.740474621,2.53982676,2.539884872,2.839886875,1
1.985352322,3.740039021,3.740538756,2.539790102,2.539857372,2.839859633,1
2.303220982,3.740047306,3.740618927,2.539740963,2.539819712,2.839822281,1
2.621089642,3.740055932,3.740697865,2.539689136,2.539779176,2.839782034,1
2.986325648,3.740066221,3.740787159,2.53962661,2.539729362,2.83973253,1
3,3.740066613,3.740790475,2.539624213,2.539727435,2.839730614,1
3,3.740066613,3.740790475,2.539624213,2.539727435,2.839730614,1
3,3.740066613,3.740790475,2.539624213,2.539727435,2.839730614,1
3.000217644,3.740066618,3.740790528,2.539624175,2.539727404,2.839730584,1
3.000435287,3.74006662,3.740790581,2.539624137,2.539727373,2.839730553,1
3.000722198,3.740066621,3.74079065,2.539624086,2.539727332,2.839730513,1
3.00100911,3.74006662,3.74079072,2.539624036,2.539727292,2.839730472,1
3.001379331,3.740066616,3.740790809,2.539623971,2.53972724,2.83973042,1
3.001852578,3.740066606,3.740790924,2.539623888,2.539727173,2.839730354,1
3.002325825,3.740066591,3.740791039,2.539623804,2.539727106,2.839730287,1
3.002799072,3.740066572,3.740791153,2.539623721,2.539727039,2.839730221,1
3.003429603,3.740066539,3.740791306,2.53962361,2.53972695,2.839730132,1
3.004221778,3.740066488,3.740791498,2.539623471,2.539726838,2.839730021,1
3.005013952,3.740066426,3.74079169,2.539623332,2.539726726,2.839729909,1
3.005806126,3.740066356,3.740791882,2.539623193,2.539726614,2.839729798,1
3.00685712,3.74006625,3.740792136,2.539623008,2.539726465,2.83972965,1
3.008184733,3.740066095,3.740792458,2.539622774,2.539726277,2.839729463,1
3.009635421,3.740065904,3.740792809,2.539622519,2.539726072,2.839729259,1
3.011086108,3.740065689,3.74079316,2.539622264,2.539725866,2.839729055,1
3.012838011,3.740065402,3.740793584,2.539621956,2.539725618,2.839728808,1
3.014993394,3.74006501,3.740794106,2.539621576,2.539725313,2.839728505,1
3.017148776,3.740064577,3.740794627,2.539621197,2.539725007,2.839728201,1
3.019304158,3.740064105,3.740795149,2.539620817,2.539724702,2.839727897,1
3.02222027,3.74006341,3.740795854,2.539620303,2.539724288,2.839727486,1
3.025887437,3.740062447,3.74079674,2.539619657,2.539723768,2.839726968,1
3.029864629,3.740061297,3.7407977,2.539618956,2.539723203,2.839726407,1
3.033841821,3.740060045,3.74079866,2.539618254,2.539722638,2.839725845,1
3.037819012,3.740058694,3.740799618,2.539617552,2.539722072,2.839725283,1
3.041796204,3.740057251,3.740800577,2.53961685,2.539721506,2.83972472,1
3.045773396,3.740055718,3.740801534,2.539616147,2.53972094,2.839724157,1
3.050733178,3.740053687,3.740802727,2.539615271,2.539720233,2.839723454,1
3.056334438,3.740051241,3.740804072,2.53961428,2.539719435,2.83972266,1
3.061935698,3.74004864,3.740805415,2.539613289,2.539718635,2.839721865,1
3.067536958,3.74004589,3.740806757,2.539612297,2.539717835,2.839721069,1
3.073138218,3.740042998,3.740808097,2.539611304,2.539717034,2.839720273,1
3.078739478,3.740039968,3.740809434,2.53961031,2.539716232,2.839719476,1
3.084340739,3.740036806,3.74081077,2.539609316,2.53971543,2.839718678,1
3.091146166,3.740032793,3.74081239,2.539608107,2.539714454,2.839717707,1
3.097951593,3.740028598,3.740814007,2.539606898,2.539713477,2.839716736,1
3.104757021,3.740024227,3.74081562,2.539605687,2.539712499,2.839715763,1
3.111562448,3.740019687,3.74081723,2.539604475,2.539711519,2.83971479,1
3.118367876,3.740014983,3.740818837,2.539603262,2.539710539,2.839713815,1
3.126668903,3.740009032,3.740820792,2.539601781,2.539709342,2.839712624,1
3.135950183,3.740002108,3.740822971,2.539600123,2.539708002,2.839711291,1
3.145231464,3.73999491,3.740825144,2.539598464,2.539706659,2.839709956,1
3.154512744,3.739987447,3.74082731,2.539596802,2.539705315,2.839708619,1
3.163794024,3.739979728,3.740829469,2.539595138,2.539703968,2.83970728,1
3.173075305,3.739971762,3.740831621,2.539593473,2.53970262,2.839705939,1
3.182356585,3.739963557,3.740833765,2.539591805,2.53970127,2.839704596,1
3.191637865,3.739955119,3.740835903,2.539590135,2.539699917,2.839703251,1
3.200919146,3.739946455,3.740838033,2.539588464,2.539698563,2.839701904,1
3.210200426,3.739937571,3.740840156,2.53958679,2.539697207,2.839700555,1
3.219481706,3.739928474,3.740842271,2.539585114,2.539695848,2.839699205,1
3.228762987,3.739919167,3.740844378,2.539583436,2.539694488,2.839697852,1
3.238044267,3.739909657,3.740846479,2.539581756,2.539693126,2.839696497,1
3.247325547,3.739899949,3.740848571,2.539580074,2.539691762,2.83969514,1
3.256745026,3.739889897,3.740850687,2.539578364,2.539690375,2.839693761,1
3.263661795,3.739882391,3.740852236,2.539577108,2.539689356,2.839692747,1
3.270578564,3.739874781,3.74085378,2.53957585,2.539688335,2.839691732,1
3.277495333,3.739867069,3.74085532,2.539574591,2.539687314,2.839690716,1
3.284412103,3.739859257,3.740856856,2.53957333,2.539686291,2.839689699,1
3.291328872,3.739851345,3.740858388,2.539572069,2.539685267,2.83968868,1
3.300930892,3.739840201,3.740860507,2.539570315,2.539683844,2.839687265,1
3.313860613,3.739824906,3.740863347,2.539567951,2.539681925,2.839685356,1
3.328777195,3.739806856,3.740866605,2.539565217,2.539679706,2.839683148,1
3.343693778,3.739788385,3.740869843,2.539562478,2.539677482,2.839680936,1
3.358610361,3.739769505,3.740873061,2.539559733,2.539675252,2.839678718,1
3.378333308,3.739743932,3.740877284,2.539556094,2.539672297,2.839675779,1
3.402910769,3.739711128,3.740882498,2.539551544,2.539668602,2.839672103,1
3.427488231,3.739677319,3.740887658,2.539546978,2.539664893,2.839668414,1
3.452065693,3.739642541,3.740892762,2.539542396,2.539661171,2.839664711,1
3.483536292,3.739596657,3.74089922,2.539536502,2.539656385,2.839659949,1
3.522348195,3.739538065,3.740907061,2.539529195,2.539650451,2.839654046,1
3.561160098,3.739477354,3.740914768,2.539521844,2.539644483,2.839648109,1
3.599972001,3.739414622,3.740922342,2.539514448,2.539638481,2.839642137,1
3.651140522,3.739328992,3.740932125,2.539504627,2.539630515,2.839634212,1
3.715453101,3.739216896,3.7409441,2.539492168,2.539620418,2.839624167,1
3.779765679,3.739100082,3.74095572,2.539479578,2.539610226,2.839614027,1
3.844078257,3.738978819,3.740966991,2.539466855,2.539599939,2.839603792,1
3.931203977,3.738807911,3.740981712,2.5394494,2.539585848,2.839589773,1
4.044798504,3.738574375,3.740999977,2.539426258,2.539567207,2.839571227,1
4.158393031,3.738329506,3.741017212,2.539402672,2.539548259,2.839552375,1
4.271987558,3.738074108,3.74103344,2.539378634,2.539528998,2.839533212,1
4.43300303,3.73769554,3.741054768,2.539343769,2.539501153,2.839505509,1
4.648850983,3.737160119,3.74108037,2.539295555,2.539462804,2.839467355,1
4.864698936,3.736595278,3.741102651,2.539245627,2.539423263,2.839428016,1
5,3.736227792,3.741114994,2.539213448,2.539397855,2.839402737,1
5,3.736227788,3.741114994,2.539213448,2.539397855,2.839402737,1
5,3.736227788,3.741114994,2.539213448,2.539397855,2.839402737,1
5.154634923,3.735815437,3.741126841,2.539175384,2.539367904,2.839372936,1
5.309269846,3.735416595,3.741137289,2.539136424,2.539337301,2.839342487,1
5.463904768,3.73503076,3.74114644,2.539096578,2.539306043,2.839311385,1
5.62895684,3.734628863,3.741155246,2.539053361,2.539272167,2.839277675,1
5.897959209,3.734000868,3.741167101,2.538981026,2.539215507,2.839221287,1
6.544512888,3.732628979,3.7411839,2.538797119,2.539071324,2.839077764,1
7.049746965,3.731684192,3.741186785,2.538643894,2.538950854,2.838957808,1
7.554981041,3.730840739,3.741182334,2.538482772,2.538823565,2.838831028,1
8.060215118,3.730089333,3.741171791,2.538314252,2.538689616,2.838697579,1
8.713376808,3.729239574,3.741150896,2.538086287,2.538506944,2.838515533,1
9.475319324,3.728402285,3.74111819,2.53780712,2.538280895,2.838290184,1
10,3.727909931,3.741091588,2.537607324,2.538117535,2.838127286,1
10,3.727909928,3.741091589,2.537607324,2.538117535,2.838127286,1
10.27205629,3.72768863,3.741076269,2.53750101,2.538029401,2.838039408,1
10.54411258,3.727481811,3.741060408,2.537393283,2.53793955,2.837949807,1
10.81616886,3.727288646,3.741044059,2.537284193,2.537848035,2.837858537,1
11.08822515,3.727104732,3.741027392,2.53717417,2.537755383,2.837766124,1
11.61529223,3.726780366,3.740994079,2.536957699,2.537571822,2.837583008,1
12.30313928,3.726417686,3.740948833,2.536668605,2.537324133,2.837335867,1
12.99098633,3.726116399,3.740902021,2.536372397,2.537067558,2.837079804,1
13.67883338,3.72586706,3.740854145,2.536069612,2.536802624,2.836815352,1
14.60027131,3.725597605,3.740789148,2.535654772,2.536435696,2.836449024,1
15.74976293,3.725341555,3.740707692,2.535124108,2.535960331,2.835974341,1
16.89925456,3.725151887,3.740626706,2.5345806,2.535467207,2.835481833,1
18.04874618,3.725008527,3.740546902,2.53402604,2.534958211,2.834973392,1
19.19823781,3.724897125,3.740468721,2.533461978,2.534435043,2.834450724,1
20.34772944,3.724807888,3.740392399,2.532889743,2.533899227,2.833915358,1
21.49722106,3.724734266,3.740318039,2.532310468,2.533352128,2.833368662,1
22.64671269,3.72467189,3.740245663,2.531725128,2.532794969,2.832811865,1
23.79620431,3.724617837,3.740175237,2.531134558,2.53222885,2.832246071,1
24.94569594,3.724570124,3.740106702,2.530539478,2.531654757,2.831672268,1
25,3.724567986,3.740103509,2.530511274,2.531627467,2.831644991,1
25,3.724567986,3.740103509,2.530511274,2.531627467,2.831644991,1
25.00346464,3.725806233,3.740103369,2.530509473,2.531625724,2.831643249,1
25.00692929,3.727043572,3.740103297,2.530507672,2.531623981,2.831641506,1
25.01039393,3.728279899,3.740103298,2.530505872,2.531622238,2.831639764,1
25.01385858,3.729515247,3.740103354,2.530504071,2.531620494,2.831638022,1
25.01836317,3.731119432,3.740103541,2.530501731,2.531618228,2.831635756,1
25.02115239,3.732111295,3.740103733,2.530500281,2.531616825,2.831634354,1
25.02342186,3.73291724,3.74010394,2.530499102,2.531615683,2.831633212,1
25.02514163,3.733527112,3.740104132,2.530498209,2.531614817,2.831632347,1
25.02649395,3.734005981,3.740104306,2.530497506,2.531614137,2.831631667,1
25.02755062,3.734379586,3.740104459,2.530496957,2.531613605,2.831631136,1
25.02837481,3.73467053,3.74010459,2.530496529,2.53161319,2.831630721,1
25.02901986,3.734897844,3.7401047,2.530496194,2.531612866,2.831630397,1
25.02952386,3.735075132,3.740104792,2.530495932,2.531612612,2.831630143,1
25.02991793,3.735213487,3.740104867,2.530495727,2.531612414,2.831629945,1
25.03022631,3.735321532,3.740104929,2.530495567,2.531612259,2.83162979,1
25.03046692,3.73540565,3.740104978,2.530495442,2.531612138,2.831629669,1
25.03065557,3.735471449,3.740105019,2.530495344,2.531612043,2.831629574,1
25.03080265,3.735522625,3.740105051,2.530495268,2.531611969,2.8316295,1
25.0309178,3.735562585,3.740105077,2.530495208,2.531611911,2.831629442,1
25.03100778,3.735593723,3.740105097,2.530495161,2.531611865,2.831629397,1
25.03107814,3.735618004,3.740105114,2.530495125,2.53161183,2.831629362,1
25.0311332,3.735636947,3.740105127,2.530495096,2.531611802,2.831629334,1
25.03117617,3.735651683,3.740105137,2.530495074,2.531611781,2.831629312,1
25.03120987,3.735663198,3.740105145,2.530495056,2.531611764,2.831629295,1
25.03123614,3.735672146,3.740105152,2.530495043,2.531611751,2.831629282,1
25.03125671,3.735679127,3.740105157,2.530495032,2.53161174,2.831629272,1
25.03127279,3.735684561,3.740105161,2.530495024,2.531611732,2.831629264,1
25.03128536,3.735688795,3.740105164,2.530495017,2.531611726,2.831629257,1
25.0312952,3.735692095,3.740105166,2.530495012,2.531611721,2.831629252,1
25.03130288,3.735694661,3.740105168,2.530495008,2.531611717,2.831629249,1
25.03130891,3.735696663,3.74010517,2.530495005,2.531611714,2.831629245,1
25.03131361,3.735698218,3.740105171,2.530495002,2.531611712,2.831629243,1
25.03131729,3.735699431,3.740105172,2.530495001,2.53161171,2.831629241,1
25.03132018,3.735700379,3.740105173,2.530494999,2.531611708,2.83162924,1
25.03132254,3.735701147,3.740105173,2.530494998,2.531611707,2.831629239,1
25.03132444,3.735701766,3.740105174,2.530494997,2.531611706,2.831629238,1
25.03132597,3.735702258,3.740105174,2.530494996,2.531611705,2.831629237,1
25.03132718,3.735702645,3.740105175,2.530494995,2.531611705,2.831629236,1
25.03132812,3.735702944,3.740105175,2.530494995,2.531611704,2.831629236,1
25.03132884,3.735703171,3.740105175,2.530494995,2.531611704,2.831629235,1
25.03132938,3.73570334,3.740105175,2.530494994,2.531611704,2.831629235,1
25.03132977,3.735703462,3.740105175,2.530494994,2.531611703,2.831629235,1
25.03133005,3.735703548,3.740105175,2.530494994,2.531611703,2.831629235,1
25.03133024,3.735703607,3.740105175,2.530494994,2.531611703,2.831629235,1
25.03133037,3.735703644,3.740105175,2.530494994,2.531611703,2.831629235,1
25.03133044,3.735703666,3.740105175,2.530494994,2.531611703,2.831629235,1
25.03133049,3.735703681,3.740105175,2.530494994,2.531611703,2.831629235,1
25.03133051,3.735703685,3.740105175,2.530494994,2.531611703,2.831629235,1
25.03133051,3.735703687,3.740105175,2.530494994,2.531611703,2.831629235,1
25.03133052,3.735703688,3.740105175,2.530494994,2.531611703,2.831629235,1
25.03133052,3.735703688,3.740105175,2.530494994,2.531611703,2.831629235,1
25.03133052,3.735703689,3.740105175,2.530494994,2.531611703,2.831629235,1
25.03133052,3.73570369,3.740105175,2.530494994,2.531611703,2.831629235,1
25.03133053,3.73570369,3.740105175,2.530494994,2.531611703,2.831629235,1
25.03133053,3.735703691,3.740105175,2.530494994,2.531611703,2.831629235,1
25.03133053,3.735703691,3.740105175,2.530494994,2.531611703,2.831629235,1
25.03133053,3.735703691,3.740105175,2.530494994,2.531611703,2.831629235,1
25.03133053,3.735703692,3.740105175,2.530494994,2.531611703,2.831629235,1
25.03133053,3.735703693,3.740105175,2.530494994,2.531611703,2.831629235,1
25.03133054,3.735703694,3.740105175,2.530494994,2.531611703,2.831629235,1
25.03133054,3.735703695,3.740105175,2.530494994,2.531611703,2.831629235,1
25.03133055,3.735703698,3.740105175,2.530494994,2.531611703,2.831629235,1
25.03133056,3.7357037,3.740105175,2.530494994,2.531611703,2.831629235,1
25.03133058,3.735703706,3.740105175,2.530494994,2.531611703,2.831629235,1
25.0313306,3.735703713,3.740105175,2.530494994,2.531611703,2.831629235,1
25.03133064,3.735703722,3.740105175,2.530494994,2.531611703,2.831629235,1
25.03133068,3.735703735,3.740105175,2.530494994,2.531611703,2.831629235,1
25.03133072,3.735703747,3.740105175,2.530494994,2.531611703,2.831629235,1
25.03133078,3.735703764,3.740105175,2.530494994,2.531611703,2.831629234,1
25.03133086,3.73570379,3.740105175,2.530494994,2.531611703,2.831629234,1
25.03133096,3.735703821,3.740105176,2.530494993,2.531611703,2.831629234,1
25.03133107,3.735703853,3.740105176,2.530494993,2.531611703,2.831629234,1
25.03133121,3.735703896,3.740105176,2.530494993,2.531611703,2.831629234,1
25.0313314,3.735703955,3.740105176,2.530494993,2.531611703,2.831629234,1
25.03133163,3.735704028,3.740105176,2.530494993,2.531611703,2.831629234,1
25.03133187,3.7357041,3.740105176,2.530494993,2.531611702,2.831629234,1
25.03133217,3.735704194,3.740105176,2.530494993,2.531611702,2.831629234,1
25.03133257,3.735704321,3.740105176,2.530494993,2.531611702,2.831629234,1
25.03133297,3.735704449,3.740105176,2.530494992,2.531611702,2.831629233,1
25.03133347,3.735704608,3.740105176,2.530494992,2.531611702,2.831629233,1
25.03133413,3.735704818,3.740105176,2.530494992,2.531611701,2.831629233,1
25.03133479,3.735705028,3.740105177,2.530494991,2.531611701,2.831629232,1
25.0313356,3.735705288,3.740105177,2.530494991,2.531611701,2.831629232,1
25.03133664,3.735705624,3.740105177,2.530494991,2.5316117,2.831629232,1
25.03133768,3.73570596,3.740105177,2.53049499,2.531611699,2.831629231,1
25.03133893,3.735706368,3.740105178,2.530494989,2.531611699,2.83162923,1
25.03134053,3.735706889,3.740105178,2.530494988,2.531611698,2.83162923,1
25.03134212,3.735707411,3.740105178,2.530494988,2.531611697,2.831629229,1
25.03134408,3.735708053,3.740105179,2.530494987,2.531611696,2.831629228,1
25.03134661,3.735708887,3.74010518,2.530494985,2.531611695,2.831629227,1
25.03134914,3.735709723,3.74010518,2.530494984,2.531611694,2.831629225,1
25.0313523,3.735710768,3.740105181,2.530494982,2.531611692,2.831629224,1
25.03135639,3.735712126,3.740105182,2.53049498,2.53161169,2.831629222,1
25.03136048,3.735713489,3.740105183,2.530494978,2.531611688,2.83162922,1
25.03136554,3.73571518,3.740105185,2.530494975,2.531611685,2.831629217,1
25.03137212,3.735717384,3.740105187,2.530494972,2.531611682,2.831629214,1
25.0313787,3.735719595,3.740105188,2.530494969,2.531611679,2.83162921,1
25.03138684,3.735722335,3.740105191,2.530494964,2.531611675,2.831629206,1
25.03139741,3.735725905,3.740105194,2.530494959,2.531611669,2.831629201,1
25.03140798,3.735729483,3.740105197,2.530494953,2.531611664,2.831629196,1
25.03141856,3.735733069,3.740105199,2.530494948,2.531611659,2.83162919,1
25.03143298,3.735737972,3.740105204,2.53049494,2.531611652,2.831629183,1
25.03145158,3.735744307,3.740105209,2.530494931,2.531611642,2.831629174,1
25.03147018,3.735750655,3.740105214,2.530494921,2.531611633,2.831629164,1
25.03148877,3.735757015,3.740105219,2.530494911,2.531611623,2.831629155,1
25.03151497,3.735765993,3.740105227,2.530494898,2.53161161,2.831629142,1
25.0315495,3.73577785,3.740105237,2.53049488,2.531611593,2.831629124,1
25.03158403,3.73578973,3.740105247,2.530494862,2.531611576,2.831629107,1
25.03161856,3.73580163,3.740105257,2.530494844,2.531611558,2.83162909,1
25.03166685,3.735818296,3.740105271,2.530494819,2.531611534,2.831629065,1
25.0317302,3.735840205,3.74010529,2.530494786,2.531611502,2.831629034,1
25.03179355,3.735862151,3.740105309,2.530494753,2.53161147,2.831629002,1
25.0318569,3.73588413,3.740105328,2.53049472,2.531611438,2.83162897,1
25.03194571,3.735914983,3.740105355,2.530494674,2.531611394,2.831628925,1
25.03206207,3.735955476,3.740105391,2.530494614,2.531611335,2.831628867,1
25.03217844,3.735996028,3.740105427,2.530494553,2.531611276,2.831628808,1
25.0322948,3.73603663,3.740105464,2.530494493,2.531611218,2.83162875,1
25.03245738,3.736093423,3.740105516,2.530494408,2.531611136,2.831628668,1
25.03267072,3.736168052,3.740105586,2.530494298,2.531611029,2.831628561,1
25.03288407,3.736242772,3.740105656,2.530494187,2.531610921,2.831628453,1
25.03309742,3.736317566,3.740105728,2.530494076,2.531610814,2.831628346,1
25.03339314,3.736421341,3.740105829,2.530493922,2.531610665,2.831628197,1
25.03377954,3.736557079,3.740105963,2.530493722,2.531610471,2.831628003,1
25.03416594,3.736692947,3.740106101,2.530493521,2.531610276,2.831627808,1
25.03455235,3.73682892,3.74010624,2.530493321,2.531610082,2.831627614,1
25.03508007,3.737014761,3.740106435,2.530493047,2.531609816,2.831627349,1
25.0357666,3.737256718,3.740106694,2.53049269,2.531609471,2.831627003,1
25.03645313,3.737498844,3.74010696,2.530492334,2.531609125,2.831626658,1
25.03713966,3.737741105,3.740107232,2.530491977,2.53160878,2.831626313,1
25.03805975,3.738065952,3.740107605,2.5304915,2.531608317,2.83162585,1
25.0392222,3.73847658,3.74010809,2.530490896,2.531607732,2.831625265,1
25.04038465,3.738887391,3.740108589,2.530490293,2.531607147,2.83162468,1
25.04169752,3.739351525,3.740109167,2.530489612,2.531606486,2.83162402,1
25.04301038,3.739815794,3.740109761,2.53048893,2.531605825,2.83162336,1
25.04401018,3.740169423,3.740110224,2.530488412,2.531605322,2.831622857,1
25.04439114,3.740304181,3.740110402,2.530488214,2.53160513,2.831622665,1
25.0447721,3.740438946,3.740110582,2.530488017,2.531604939,2.831622473,1
25.04515306,3.740573716,3.740110762,2.530487819,2.531604747,2.831622282,1
25.04726782,3.741321934,3.740111785,2.530486722,2.531603683,2.831621218,1
25.04996625,3.742276805,3.740113136,2.530485323,2.531602324,2.83161986,1
25.05266468,3.743231755,3.740114536,2.530483925,2.531600966,2.831618503,1
25.0553631,3.744186722,3.740115982,2.530482526,2.531599608,2.831617145,1
25.05806153,3.745141661,3.740117471,2.530481129,2.53159825,2.831615788,1
25.06075995,3.746096537,3.740119001,2.530479732,2.531596892,2.83161443,1
25.06281891,3.746825071,3.740120195,2.530478666,2.531595855,2.831613394,1
25.06487787,3.747553545,3.740121411,2.530477601,2.531594819,2.831612358,1
25.06693684,3.748281951,3.740122648,2.530476536,2.531593782,2.831611322,1
25.0689958,3.749010283,3.740123906,2.530475471,2.531592746,2.831610286,1
25.07154562,3.749912143,3.740125491,2.530474153,2.531591462,2.831609003,1
25.07512239,3.751177003,3.740127765,2.530472305,2.531589662,2.831607203,1
25.07976004,3.752816612,3.740130797,2.53046991,2.531587327,2.83160487,1
25.08439769,3.754455723,3.740133919,2.530467517,2.531584992,2.831602536,1
25.0903305,3.756551825,3.740138038,2.530464458,2.531582005,2.83159955,1
25.09812477,3.759304234,3.740143652,2.530460444,2.53157808,2.831595627,1
25.10591904,3.762055041,3.740149485,2.530456435,2.531574155,2.831591704,1
25.11576843,3.765528808,3.74015715,2.530451378,2.531569195,2.831586746,1
25.1286258,3.770059431,3.740167621,2.530444791,2.53156272,2.831580273,1
25.14148316,3.774585423,3.740178592,2.53043822,2.531556244,2.8315738,1
25.15766122,3.78027372,3.740193057,2.530429977,2.531548095,2.831565653,1
25.17874198,3.787674715,3.740212944,2.53041928,2.531537475,2.831555037,1
25.19982274,3.795063077,3.740233938,2.530408636,2.531526853,2.831544418,1
25.2263085,3.80432794,3.740261777,2.53039534,2.531513508,2.831531076,1
25.26085682,3.816383408,3.740300381,2.530378137,2.531496098,2.831513669,1
25.29540514,3.828405353,3.74034143,2.5303611,2.531478688,2.831496261,1
25.33869031,3.843420594,3.740396077,2.530340007,2.531456876,2.831474449,1
25.39494049,3.862855982,3.740472104,2.530313047,2.531428536,2.831446107,1
25.45119067,3.882204602,3.740553489,2.530286631,2.531400208,2.831417771,1
25.52144563,3.906249863,3.740662188,2.53025447,2.531364854,2.831382401,1
25.61234039,3.93716226,3.740813773,2.53021436,2.531319179,2.831336692,1
25.70323515,3.96785412,3.740977121,2.530176095,2.531273602,2.831291068,1
25.81595711,4.005612863,3.741195151,2.530131516,2.531217275,2.831234657,1
25.9543669,4.05152074,3.741485221,2.530081718,2.531148507,2.83116575,1
26.05358157,4.084120991,3.741707887,2.530049751,2.531099545,2.831116658,1
26.15279624,4.116466462,3.741942479,2.530021406,2.531050941,2.831067895,1
26.22804623,4.140829831,3.742128267,2.530002614,2.531014354,2.831031167,1
26.28915561,4.160507898,3.7422841,2.5299893,2.530984849,2.831001531,1
26.33885567,4.176441422,3.742414124,2.529979912,2.530961004,2.83097757,1
26.38000389,4.189585446,3.742524022,2.52997323,2.530941377,2.830957837,1
26.42115211,4.202686197,3.742635989,2.529967659,2.530921862,2.830938208,1
26.44877577,4.211456748,3.74271234,2.529964604,2.530908829,2.830925093,1
26.47639944,4.220207823,3.742789675,2.529962177,2.530895854,2.830912033,1
26.49447981,4.225925077,3.742840846,2.529960962,2.530887396,2.830903514,1
26.50917678,4.230566306,3.742882779,2.529960218,2.53088054,2.830896609,1
26.52099355,4.234293983,3.742916728,2.529959794,2.530875042,2.830891069,1
26.53073318,4.237363737,3.742944876,2.529959575,2.53087052,2.830886512,1
26.53876006,4.239891839,3.742968197,2.529959491,2.5308668,2.830882762,1
26.54537678,4.241974568,3.742987513,2.529959494,2.530863738,2.830879675,1
26.5508183,4.243686541,3.743003467,2.52995955,2.530861223,2.83087714,1
26.5552734,4.24508761,3.743016583,2.529959637,2.530859166,2.830875066,1
26.55890729,4.246230042,3.743027322,2.529959737,2.53085749,2.830873375,1
26.56185623,4.247156888,3.74303607,2.52995984,2.530856131,2.830872004,1
26.56424131,4.247906351,3.743043171,2.529959939,2.530855032,2.830870896,1
26.56615998,4.248509149,3.743048905,2.52996003,2.530854149,2.830870005,1
26.56769908,4.248992623,3.743053522,2.529960111,2.53085344,2.83086929,1
26.56892894,4.249378915,3.743057225,2.529960182,2.530852875,2.83086872,1
26.56990693,4.249686067,3.743060182,2.529960243,2.530852425,2.830868266,1
26.57067217,4.249926386,3.743062506,2.529960293,2.530852073,2.830867911,1
26.57127367,4.250115272,3.74306434,2.529960334,2.530851796,2.830867632,1
26.57174445,4.250263103,3.743065782,2.529960368,2.53085158,2.830867413,1
26.57211458,4.250379323,3.743066921,2.529960396,2.53085141,2.830867242,1
26.57240569,4.250470727,3.743067822,2.529960418,2.530851276,2.830867107,1
26.5726349,4.250542695,3.743068534,2.529960436,2.530851171,2.830867,1
26.57281569,4.250599462,3.743069099,2.52996045,2.530851087,2.830866917,1
26.57295848,4.250644294,3.743069548,2.529960462,2.530851022,2.83086685,1
26.57307642,4.250681321,3.74306992,2.529960472,2.530850968,2.830866796,1
26.57317446,4.250712105,3.743070232,2.52996048,2.530850923,2.83086675,1
26.57325172,4.250736362,3.743070479,2.529960487,2.530850887,2.830866714,1
26.57331249,4.250755442,3.743070675,2.529960492,2.530850859,2.830866686,1
26.5733602,4.250770419,3.743070829,2.529960496,2.530850837,2.830866664,1
26.57339775,4.250782208,3.743070952,2.5299605,2.53085082,2.830866647,1
26.57342731,4.25079149,3.743071049,2.529960502,2.530850806,2.830866633,1
26.57345065,4.250798817,3.743071126,2.529960504,2.530850796,2.830866622,1
26.5734691,4.250804609,3.743071187,2.529960506,2.530850787,2.830866614,1
26.57348372,4.2508092,3.743071236,2.529960507,2.53085078,2.830866607,1
26.57349531,4.250812838,3.743071275,2.529960508,2.530850775,2.830866601,1
26.57350452,4.250815731,3.743071306,2.529960509,2.530850771,2.830866597,1
26.57351185,4.250818031,3.743071331,2.52996051,2.530850768,2.830866594,1
26.57351769,4.250819865,3.743071351,2.52996051,2.530850765,2.830866591,1
26.57352353,4.250821698,3.743071371,2.529960511,2.530850762,2.830866588,1
26.57352767,4.250822999,3.743071386,2.529960511,2.53085076,2.830866586,1
26.57353182,4.2508243,3.7430714,2.529960512,2.530850758,2.830866584,1
26.57353477,4.250825228,3.743071411,2.529960512,2.530850757,2.830866583,1
26.57353773,4.250826156,3.743071421,2.529960512,2.530850756,2.830866582,1
26.57353977,4.250826796,3.743071428,2.529960512,2.530850755,2.830866581,1
26.5735418,4.250827435,3.743071435,2.529960513,2.530850754,2.83086658,1
26.57354314,4.250827856,3.74307144,2.529960513,2.530850753,2.830866579,1
26.57354424,4.2508282,3.743071444,2.529960513,2.530850753,2.830866579,1
26.57354509,4.250828466,3.743071447,2.529960513,2.530850752,2.830866578,1
26.57354525,4.250828519,3.743071448,2.529960513,2.530850752,2.830866578,1
26.57354542,4.250828572,3.743071448,2.529960513,2.530850752,2.830866578,1
26.57354559,4.250828625,3.743071449,2.529960513,2.530850752,2.830866578,1
26.57354589,4.250828718,3.74307145,2.529960513,2.530850752,2.830866578,1
26.5735463,4.250828847,3.743071452,2.529960513,2.530850752,2.830866578,1
26.57354659,4.250828938,3.743071453,2.529960513,2.530850752,2.830866578,1
26.5735468,4.250829004,3.743071453,2.529960513,2.530850751,2.830866578,1
26.57354694,4.250829047,3.743071454,2.529960513,2.530850751,2.830866577,1
26.57354703,4.250829075,3.743071454,2.529960513,2.530850751,2.830866577,1
26.57354709,4.250829096,3.743071455,2.529960513,2.530850751,2.830866577,1
26.57354716,4.250829117,3.743071455,2.529960513,2.530850751,2.830866577,1
26.57354723,4.250829138,3.743071455,2.529960513,2.530850751,2.830866577,1
26.57354729,4.250829159,3.743071455,2.529960513,2.530850751,2.830866577,1
26.57354756,4.250829243,3.743071456,2.529960513,2.530850751,2.830866577,1
26.57354763,4.250829265,3.743071457,2.529960513,2.530850751,2.830866577,1
26.5735477,4.250829286,3.743071457,2.529960513,2.530850751,2.830866577,1
26.57354777,4.250829309,3.743071457,2.529960513,2.530850751,2.830866577,1
26.57354784,4.250829332,3.743071457,2.529960513,2.530850751,2.830866577,1
26.57354803,4.250829391,3.743071458,2.529960513,2.530850751,2.830866577,1
26.57354813,4.250829423,3.743071459,2.529960513,2.530850751,2.830866577,1
26.57354817,4.250829435,3.743071459,2.529960513,2.530850751,2.830866577,1
26.57354821,4.250829447,3.743071459,2.529960513,2.530850751,2.830866577,1
26.57354826,4.250829462,3.743071459,2.529960513,2.530850751,2.830866577,1
26.57354832,4.250829482,3.743071459,2.529960513,2.530850751,2.830866577,1
26.5735484,4.250829506,3.74307146,2.529960513,2.530850751,2.830866577,1
26.57354847,4.25082953,3.74307146,2.529960513,2.530850751,2.830866577,1
26.57354858,4.250829562,3.74307146,2.529960513,2.530850751,2.830866577,1
26.57354872,4.250829607,3.743071461,2.529960513,2.530850751,2.830866577,1
26.57354887,4.250829653,3.743071461,2.529960513,2.53085075,2.830866577,1
26.57354905,4.250829711,3.743071462,2.529960513,2.53085075,2.830866576,1
26.57354931,4.250829791,3.743071463,2.529960513,2.53085075,2.830866576,1
26.57354961,4.250829888,3.743071464,2.529960513,2.53085075,2.830866576,1
26.57354992,4.250829984,3.743071465,2.529960513,2.53085075,2.830866576,1
26.57355023,4.250830081,3.743071466,2.529960513,2.53085075,2.830866576,1
26.57355054,4.250830178,3.743071467,2.529960513,2.53085075,2.830866576,1
26.57355076,4.250830249,3.743071468,2.529960513,2.53085075,2.830866576,1
26.57355099,4.25083032,3.743071469,2.529960513,2.53085075,2.830866576,1
26.57355143,4.250830456,3.743071471,2.529960513,2.530850749,2.830866575,1
26.57355237,4.250830753,3.743071474,2.529960514,2.530850749,2.830866575,1
26.57355332,4.25083105,3.743071477,2.529960514,2.530850748,2.830866575,1
26.57355426,4.250831347,3.743071481,2.529960514,2.530850748,2.830866574,1
26.57355521,4.250831645,3.743071484,2.529960514,2.530850748,2.830866574,1
26.57355649,4.250832045,3.743071489,2.529960514,2.530850747,2.830866573,1
26.5735581,4.250832551,3.743071494,2.529960514,2.530850746,2.830866572,1
26.57355971,4.250833057,3.7430715,2.529960514,2.530850746,2.830866572,1
26.57356151,4.250833623,3.743071506,2.529960514,2.530850745,2.830866571,1
26.57356368,4.250834304,3.743071514,2.529960515,2.530850744,2.83086657,1
26.57356585,4.250834986,3.743071521,2.529960515,2.530850743,2.830866569,1
26.57356802,4.250835667,3.743071529,2.529960515,2.530850742,2.830866568,1
26.57357094,4.250836583,3.743071539,2.529960515,2.53085074,2.830866566,1
26.57357454,4.250837714,3.743071552,2.529960516,2.530850739,2.830866565,1
26.57357814,4.250838845,3.743071564,2.529960516,2.530850737,2.830866563,1
26.57358174,4.250839975,3.743071576,2.529960516,2.530850735,2.830866561,1
26.57358657,4.25084149,3.743071593,2.529960517,2.530850733,2.830866559,1
26.57359285,4.25084346,3.743071614,2.529960517,2.53085073,2.830866556,1
26.57359912,4.250845431,3.743071635,2.529960518,2.530850727,2.830866553,1
26.57360663,4.250847789,3.743071661,2.529960519,2.530850724,2.83086655,1
26.57361619,4.250850789,3.743071693,2.52996052,2.53085072,2.830866545,1
26.57362575,4.25085379,3.743071725,2.529960521,2.530850715,2.830866541,1
26.57363766,4.25085753,3.743071764,2.529960522,2.53085071,2.830866535,1
26.57365306,4.250862364,3.743071816,2.529960523,2.530850703,2.830866528,1
26.57366846,4.250867199,3.743071866,2.529960525,2.530850696,2.830866521,1
26.57368738,4.250873139,3.743071929,2.529960527,2.530850687,2.830866512,1
26.5737117,4.250880776,3.743072008,2.529960529,2.530850676,2.830866501,1
26.57373603,4.250888413,3.743072088,2.529960532,2.530850665,2.83086649,1
26.57376619,4.250897882,3.743072185,2.529960535,2.530850651,2.830866476,1
26.57380512,4.250910103,3.743072311,2.529960539,2.530850633,2.830866458,1
26.57384404,4.250922324,3.743072437,2.529960543,2.530850615,2.83086644,1
26.57389222,4.250937449,3.743072591,2.529960547,2.530850593,2.830866417,1
26.57395474,4.250957076,3.743072791,2.529960554,2.530850564,2.830866388,1
26.57401726,4.250976704,3.743072989,2.52996056,2.530850535,2.830866359,1
26.57409475,4.25100103,3.743073235,2.529960568,2.5308505,2.830866324,1
26.57419499,4.2510325,3.743073551,2.529960579,2.530850454,2.830866277,1
26.57429523,4.25106397,3.743073866,2.52996059,2.530850408,2.830866231,1
26.57441981,4.251103078,3.743074257,2.529960603,2.53085035,2.830866173,1
26.57458179,4.251153929,3.743074762,2.52996062,2.530850276,2.830866098,1
26.57474377,4.251204779,3.743075266,2.529960638,2.530850202,2.830866023,1
26.57494273,4.251267237,3.743075884,2.52996066,2.53085011,2.83086593,1
26.57519915,4.25134773,3.743076677,2.529960689,2.530849992,2.830865812,1
26.57545557,4.251428221,3.743077468,2.529960718,2.530849875,2.830865693,1
26.57576979,4.251526856,3.743078435,2.529960754,2.53084973,2.830865547,1
26.57617321,4.251653485,3.743079673,2.529960801,2.530849545,2.83086536,1
26.57657664,4.251780111,3.743080908,2.529960849,2.53084936,2.830865173,1
26.5770705,4.251935118,3.743082418,2.529960908,2.530849133,2.830864944,1
26.57769982,4.252132634,3.743084337,2.529960985,2.530848844,2.830864653,1
26.57832915,4.252330139,3.743086253,2.529961064,2.530848555,2.830864361,1
26.57909691,4.252571077,3.743088587,2.529961161,2.530848203,2.830864006,1
26.58007452,4.252877845,3.743091554,2.529961288,2.530847755,2.830863553,1
26.58105212,4.253184588,3.743094517,2.529961417,2.530847306,2.830863101,1
26.58223734,4.253556443,3.743098107,2.529961578,2.530846763,2.830862552,1
26.58373966,4.254027731,3.743102652,2.529961785,2.530846074,2.830861857,1
26.58524197,4.254498961,3.743107194,2.529961998,2.530845386,2.830861162,1
26.58705818,4.255068574,3.743112682,2.529962262,2.530844554,2.830860322,1
26.58934778,4.255786534,3.743119599,2.529962602,2.530843506,2.830859264,1
26.59163738,4.25650436,3.743126514,2.529962952,2.530842459,2.830858206,1
26.59438926,4.257366943,3.743134826,2.529963384,2.530841201,2.830856936,1
26.59783875,4.258447917,3.743145249,2.529963941,2.530839626,2.830855345,1
26.60128824,4.259528588,3.743155678,2.529964514,2.530838053,2.830853755,1
26.60473773,4.260608957,3.743166113,2.529965103,2.530836481,2.830852166,1
26.60951649,4.262105148,3.743180583,2.529965941,2.530834305,2.830849967,1
26.61563914,4.264021251,3.743199149,2.529967051,2.530831523,2.830847154,1
26.62176179,4.265936401,3.743217746,2.5299682,2.530828746,2.830844346,1
26.62788443,4.267850599,3.743236377,2.529969383,2.530825974,2.830841542,1
26.63588612,4.27035083,3.743260777,2.529970979,2.530822359,2.830837884,1
26.64592086,4.273484021,3.743291463,2.529973053,2.530817838,2.830833308,1
26.65694497,4.27692319,3.743325287,2.529975419,2.530812888,2.830828297,1
26.66796909,4.280359282,3.743359231,2.529977868,2.530807957,2.830823302,1
26.67968764,4.284008447,3.743395446,2.529980558,2.530802734,2.83081801,1
26.69531104,4.288868192,3.743443942,2.529984271,2.530795803,2.830810985,1
26.71445785,4.294815505,3.743503709,2.529989007,2.53078736,2.830802423,1
26.73360467,4.300753566,3.743563843,2.529993934,2.530778973,2.830793915,1
26.75573523,4.307605471,3.743633805,2.529999849,2.530769353,2.830784151,1
26.78326483,4.316111772,3.743721515,2.530007513,2.530757496,2.830772111,1
26.81079444,4.324599001,3.743809976,2.530015496,2.530745764,2.830760192,1
26.84536235,4.335229131,3.743922107,2.53002594,2.530731214,2.830745402,1
26.89099511,4.34921593,3.744071911,2.53004039,2.530712325,2.830726186,1
26.93662787,4.36315053,3.744223725,2.530055549,2.530693807,2.830707332,1
26.98226063,4.37703301,3.744377526,2.53007137,2.530675671,2.830688852,1
27.04593904,4.396318419,3.744595425,2.530094476,2.530651027,2.830663712,1
27.12931813,4.421417444,3.744886429,2.530126419,2.530619974,2.830631985,1
27.21269722,4.446343482,3.745183792,2.530160154,2.530590361,2.830601669,1
27.2960763,4.471096945,3.745487408,2.530195559,2.530562266,2.83057284,1
27.37945539,4.495678235,3.745797171,2.530232528,2.530535776,2.830545581,1
27.46283448,4.520087746,3.746112979,2.530270969,2.530510987,2.830519985,1
27.54621357,4.544325861,3.74643473,2.530310798,2.530488013,2.83049616,1
27.62959265,4.568392958,3.746762322,2.530351933,2.530466989,2.830474232,1
27.7191454,4.594052014,3.747120549,2.530397469,2.530446779,2.830452978,1
27.80869815,4.619514669,3.747485239,2.530444298,2.530429295,2.83043435,1
27.86412988,4.635177396,3.747714153,2.530473878,2.530419979,2.830424259,1
27.90895927,4.647789495,3.747901012,2.530498091,2.530413405,2.830417006,1
27.94244899,4.657179375,3.748041593,2.530516327,2.53040912,2.830412174,1
27.96863895,4.664503508,3.748152104,2.530530659,2.530406187,2.830408781,1
27.98886815,4.670149262,3.7482378,2.530541761,2.530404203,2.830406417,1
28.00458668,4.674529264,3.748304584,2.530550399,2.53040285,2.830404751,1
28.01679518,4.677927043,3.748356569,2.530557108,2.530401927,2.830403569,1
28.02628339,4.68056523,3.748397038,2.530562318,2.530401296,2.830402726,1
28.03366055,4.682614928,3.748428542,2.530566363,2.530400864,2.830402121,1
28.03949277,4.68423444,3.748453471,2.530569555,2.530400563,2.830401675,1
28.04421839,4.68554606,3.748473684,2.530572134,2.530400349,2.830401338,1
28.04801254,4.686598755,3.748489921,2.530574199,2.530400199,2.830401085,1
28.05102747,4.687435004,3.748502828,2.530575833,2.530400096,2.830400895,1
28.05339024,4.688090208,3.748512946,2.530577109,2.530400026,2.830400754,1
28.05521117,4.688595066,3.748520744,2.530578088,2.53039998,2.830400651,1
28.05659166,4.688977758,3.748526658,2.530578825,2.53039995,2.830400575,1
28.05761235,4.689260678,3.74853103,2.530579367,2.530399931,2.830400522,1
28.05834892,4.689464827,3.748534185,2.530579755,2.53039992,2.830400484,1
28.05886384,4.689607537,3.74853639,2.530580024,2.530399914,2.830400458,1
28.05920915,4.689703235,3.748537869,2.530580203,2.53039991,2.830400441,1
28.05942931,4.689764249,3.748538812,2.530580315,2.530399908,2.83040043,1
28.05957462,4.689804518,3.748539434,2.530580388,2.530399907,2.830400423,1
28.05963221,4.689820479,3.748539681,2.530580417,2.530399907,2.83040042,1
28.05967023,4.689831013,3.748539844,2.530580434,2.530399907,2.830400419,1
28.05968743,4.689835779,3.748539917,2.530580443,2.530399907,2.830400418,1
28.05968981,4.689836439,3.748539927,2.530580444,2.530399907,2.830400418,1
28.05969219,4.689837099,3.748539938,2.530580445,2.530399907,2.830400418,1
28.05969494,4.689837862,3.748539949,2.530580446,2.530399907,2.830400417,1
28.05969772,4.689838633,3.748539961,2.530580447,2.530399907,2.830400417,1
28.05969864,4.689838888,3.748539965,2.530580447,2.530399907,2.830400417,1
28.0596995,4.689839126,3.748539969,2.530580448,2.530399907,2.830400417,1
28.05970085,4.689839498,3.748539975,2.530580448,2.530399907,2.830400417,1
28.05970261,4.689839988,3.748539982,2.530580449,2.530399907,2.830400417,1
28.05970495,4.689840635,3.748539992,2.530580451,2.530399907,2.830400417,1
28.05970845,4.689841607,3.748540007,2.530580452,2.530399907,2.830400417,1
28.05971409,4.68984317,3.748540031,2.530580455,2.530399907,2.830400417,1
28.05972245,4.689845484,3.748540067,2.530580459,2.530399907,2.830400416,1
28.05973369,4.6898486,3.748540115,2.530580464,2.530399907,2.830400416,1
28.05974802,4.689852572,3.748540177,2.530580471,2.530399907,2.830400415,1
28.05977123,4.689859004,3.748540276,2.530580482,2.530399907,2.830400414,1
28.05980301,4.68986781,3.748540412,2.530580498,2.530399907,2.830400412,1
28.05988893,4.689891621,3.74854078,2.530580541,2.530399907,2.830400408,1
28.05995757,4.689910641,3.748541074,2.530580575,2.530399907,2.830400405,1
28.0600262,4.689929661,3.748541368,2.53058061,2.530399907,2.830400402,1
28.06014102,4.689961479,3.748541859,2.530580669,2.530399907,2.830400396,1
28.06029745,4.690004826,3.748542529,2.530580749,2.530399908,2.830400389,1
28.06045387,4.690048171,3.748543198,2.530580829,2.530399908,2.830400382,1
28.06064969,4.690102432,3.748544036,2.530580931,2.530399909,2.830400373,1
28.06092693,4.690179256,3.748545223,2.530581075,2.530399911,2.83040036,1
28.06127383,4.690275376,3.748546708,2.530581256,2.530399914,2.830400345,1
28.06162072,4.690371494,3.748548192,2.530581438,2.530399917,2.83040033,1
28.06207042,4.690496092,3.748550117,2.530581675,2.530399922,2.830400311,1
28.06268725,4.690666988,3.748552757,2.530582,2.53039993,2.830400286,1
28.06330407,4.690837874,3.748555397,2.530582326,2.530399939,2.830400262,1
28.06407589,4.691051686,3.7485587,2.530582735,2.530399951,2.830400234,1
28.06510891,4.691337835,3.748563122,2.530583284,2.53039997,2.8304002,1
28.06614193,4.691623959,3.748567544,2.530583834,2.530399992,2.83040017,1
28.06742238,4.69197858,3.748573026,2.530584516,2.530400019,2.830400138,1
28.06798896,4.692135482,3.748575452,2.530584819,2.530400034,2.830400126,1
28.06823576,4.692203826,3.748576508,2.53058495,2.530400041,2.830400121,1
28.06834327,4.692233596,3.748576969,2.530585008,2.530400045,2.830400119,1
28.06849509,4.692275636,3.748577619,2.530585089,2.530400049,2.830400117,1
28.06872508,4.692339321,3.748578604,2.530585212,2.530400056,2.830400113,1
28.06907886,4.692437283,3.748580119,2.530585401,2.530400067,2.830400107,1
28.06943264,4.692535242,3.748581634,2.53058559,2.530400079,2.830400103,1
28.06978642,4.692633198,3.748583149,2.530585779,2.53040009,2.830400098,1
28.06985355,4.692651785,3.748583436,2.530585815,2.530400092,2.830400098,1
28.06988086,4.692659346,3.748583553,2.53058583,2.530400093,2.830400098,1
28.06990817,4.692666907,3.74858367,2.530585844,2.530400094,2.830400097,1
28.06993548,4.692674467,3.748583787,2.530585859,2.530400095,2.830400097,1
28.06996538,4.692682747,3.748583915,2.530585875,2.530400095,2.830400097,1
28.07009197,4.692717796,3.748584457,2.530585943,2.530400099,2.830400097,1
28.07021856,4.692752844,3.748584999,2.53058601,2.530400103,2.830400098,1
28.07024258,4.692759494,3.748585102,2.530586023,2.530400104,2.830400098,1
28.07026665,4.692766158,3.748585205,2.530586036,2.530400104,2.830400098,1
28.07030015,4.692775432,3.748585349,2.530586054,2.530400105,2.830400099,1
28.07033364,4.692784707,3.748585492,2.530586072,2.530400106,2.830400099,1
28.07037906,4.692797282,3.748585687,2.530586096,2.530400108,2.830400099,1
28.07046177,4.692820181,3.748586041,2.53058614,2.53040011,2.8304001,1
28.07058484,4.692854254,3.748586568,2.530586206,2.530400114,2.830400102,1
28.07074296,4.692898028,3.748587245,2.530586291,2.530400119,2.830400103,1
28.07095216,4.692955948,3.748588141,2.530586403,2.530400126,2.830400106,1
28.07124919,4.693038177,3.748589413,2.530586562,2.530400135,2.83040011,1
28.07167549,4.693156195,3.748591239,2.53058679,2.530400149,2.830400115,1
28.07225497,4.693316607,3.748593722,2.5305871,2.530400168,2.830400124,1
28.07301081,4.693525831,3.748596959,2.530587505,2.530400193,2.830400135,1
28.07398402,4.693795203,3.748601129,2.530588027,2.530400227,2.830400151,1
28.07495723,4.694064552,3.748605299,2.530588549,2.530400261,2.830400169,1
28.07593044,4.694333878,3.74860947,2.530589072,2.530400298,2.830400188,1
28.07690365,4.69460318,3.748613641,2.530589594,2.530400335,2.830400209,1
28.07922468,4.695245354,3.748623591,2.530590842,2.530400429,2.830400265,1
28.08222979,4.6960766,3.748636478,2.530592459,2.530400559,2.830400347,1
28.08528261,4.696920821,3.748649575,2.530594103,2.530400701,2.830400441,1
28.08833543,4.697764815,3.748662678,2.53059575,2.530400851,2.830400544,1
28.09275527,4.698986341,3.748681659,2.530598136,2.530401083,2.830400708,1
28.09907185,4.700731253,3.748708807,2.530601553,2.530401442,2.830400969,1
28.10538844,4.702475198,3.748735982,2.530604976,2.530401831,2.830401259,1
28.11298338,4.704570803,3.748768693,2.5306091,2.530402334,2.830401644,1
28.12271842,4.707254862,3.748810679,2.530614398,2.530403032,2.830402187,1
28.13245347,4.709936622,3.748852732,2.530619711,2.530403785,2.830402784,1
28.14459985,4.713279428,3.748905297,2.530626359,2.530404796,2.830403598,1
28.1602471,4.717580434,3.74897317,2.530634955,2.530406204,2.83040475,1
28.17589434,4.72187551,3.749041222,2.530643587,2.530407723,2.830406011,1
28.1951884,4.727163457,3.749125386,2.530654282,2.530409735,2.830407704,1
28.22000297,4.733951176,3.74923404,2.530668121,2.530412532,2.830410087,1
28.24481755,4.740724003,3.74934316,2.530682056,2.530415547,2.830412687,1
28.27551858,4.74908287,3.749478811,2.53069943,2.530419552,2.830416179,1
28.31503461,4.759808268,3.749654471,2.530722015,2.530425118,2.830421086,1
28.36115355,4.772278181,3.749860996,2.530748694,2.530432155,2.830427355,1
28.40727248,4.784696836,3.750069155,2.530775722,2.530439729,2.830434166,1
28.46506592,4.800186868,3.750332317,2.530810089,2.530449916,2.830443402,1
28.53925895,4.81995473,3.750673916,2.530855026,2.53046404,2.830456315,1
28.61345198,4.839590519,3.75101974,2.530900885,2.530479261,2.830470334,1
28.70527952,4.86371093,3.751453587,2.530958927,2.530499497,2.830489095,1
28.82330211,4.894416258,3.752020609,2.531035612,2.530527611,2.830515327,1
28.9413247,4.924789743,3.752598153,2.531114639,2.530557945,2.830543794,1
29.08340835,4.960916689,3.753307266,2.531212874,2.530597201,2.830580812,1
29.25760892,5.004558234,3.754197049,2.531337905,2.530649155,2.830630033,1
29.4318095,5.047484767,3.755109011,2.53146796,2.530705099,2.830683248,1
29.60601007,5.089699498,3.756042837,2.531602999,2.530764827,2.830740246,1
29.83842431,5.144919292,3.757322151,2.531790849,2.530850107,2.83082187,1
30.12825467,5.212026484,3.758969971,2.532037279,2.530965016,2.830932193,1
30.41808503,5.27719984,3.760674732,2.53229707,2.531089059,2.83105161,1
30.74110181,5.347576978,3.762639896,2.532602141,2.531237635,2.831194977,1
31.0641186,5.415593727,3.764671874,2.532923388,2.53139676,2.831348833,1
31.47684294,5.499104792,3.767361827,2.533357045,2.531614926,2.831560178,1
31.98662367,5.597065114,3.77082341,2.533928066,2.531906751,2.831843442,1
32.5384685,5.696744373,3.774735481,2.534589592,2.532249788,2.83217705,1
33.12527083,5.795618098,3.779072377,2.53534166,2.532644739,2.832561806,1
33.78489644,5.898203045,3.784150155,2.536245807,2.533125007,2.833030429,1
34.46176879,5.994292079,3.789566921,2.537237077,2.533657017,2.833550311,1
35.13864113,6.081360838,3.795174628,2.53829145,2.534228026,2.834109039,1
35.66327125,6.142815305,3.799641949,2.5391514,2.534697077,2.834568484,1
36.18790137,6.199184033,3.804204804,2.540048004,2.535188938,2.835050677,1
36.71253148,6.250628148,3.808855081,2.54098072,2.53570338,2.835555398,1
37.2371616,6.297318411,3.813584917,2.541949008,2.536240189,2.836082447,1
37.65708297,6.33137747,3.817423312,2.542749341,2.536685851,2.836520273,1
38.07700434,6.36260812,3.821303909,2.543571842,2.537145615,2.836972187,1
38.4969257,6.391116471,3.825222985,2.544416235,2.537619384,2.837438096,1
38.91684707,6.417014162,3.829176966,2.54528224,2.538107065,2.837917912,1
39.26301912,6.436478146,3.83246049,2.546012221,2.538519498,2.83832386,1
39.60919117,6.454318198,3.835763517,2.546756545,2.538941274,2.838739153,1
39.95536322,6.470607446,3.839084253,2.547515052,2.539372343,2.839163742,1
40.30153527,6.485421712,3.842420996,2.548287588,2.539812656,2.83959758,1
40.64770733,6.498839841,3.845772119,2.549073996,2.540262164,2.840040622,1
40.92931137,6.508777758,3.848507805,2.549723855,2.540634583,2.840407787,1
41.21091542,6.517891288,3.851251188,2.550382706,2.541013029,2.840780987,1
41.49251947,6.526226649,3.854001519,2.551050465,2.541397478,2.841160198,1
41.77412351,6.533830448,3.856758096,2.551727049,2.541787904,2.841545394,1
42.05572756,6.540749748,3.859520258,2.552412376,2.542184282,2.841936553,1
42.3373316,6.547031787,3.862287381,2.553106363,2.542586587,2.842333649,1
42.61893565,6.552723618,3.86505889,2.553808929,2.542994794,2.842736658,1
42.84715426,6.556933131,3.867307858,2.554384547,2.543329928,2.843067589,1
43.07537286,6.560810188,3.869559083,2.554965704,2.54366891,2.843402375,1
43.30359147,6.564378656,3.871812317,2.555552357,2.544011725,2.843741004,1
43.53181008,6.567661591,3.874067331,2.556144464,2.544358362,2.844083463,1
43.76002868,6.57068131,3.876323913,2.556741986,2.544708806,2.844429738,1
43.98824729,6.573459286,3.878581866,2.557344879,2.545063045,2.844779818,1
44.2164659,6.57601604,3.88084101,2.557953105,2.545421067,2.84513369,1
44.4446845,6.578371051,3.883101177,2.558566623,2.545782858,2.845491341,1
44.67290311,6.580542698,3.885362217,2.559185394,2.546148405,2.845852759,1
44.85600827,6.582163312,3.887176846,2.559685623,2.546444401,2.846145449,1
45.03911344,6.583685519,3.88899188,2.560189188,2.5467428,2.846440549,1
45.2222186,6.58511721,3.890807259,2.56069607,2.547043596,2.846738053,1
45.40532377,6.586465736,3.892622927,2.56120625,2.547346783,2.847037955,1
45.58842893,6.587737988,3.894438831,2.561719709,2.547652354,2.847340248,1
45.72593964,6.588646818,3.895802693,2.562107459,2.5478834,2.847568837,1
45.86345035,6.589518896,3.897166642,2.56249704,2.548115784,2.847798769,1
45.97119884,6.590177993,3.898235435,2.562803576,2.548298806,2.847979871,1
46.07894733,6.590817132,3.899304263,2.563111227,2.548482647,2.848161795,1
46.18669582,6.591437365,3.900373118,2.563419991,2.548667305,2.848344539,1
46.29444431,6.592039691,3.901441994,2.563729862,2.548852779,2.848528102,1
46.4021928,6.592625066,3.902510882,2.564040839,2.549039068,2.848712482,1
46.50994128,6.593194404,3.903579778,2.564352916,2.549226171,2.848897679,1
46.6555366,6.593939942,3.905024123,2.564776353,2.549480285,2.849149221,1
46.8363028,6.594830255,3.906817352,2.565304852,2.549797843,2.849463592,1
47.01706901,6.595684498,3.908610535,2.56583641,2.550117676,2.849780247,1
47.19783522,6.596505948,3.91040365,2.56637101,2.550439781,2.850099179,1
47.42238365,6.597485533,3.912630932,2.567039305,2.550843051,2.850498521,1
47.6830798,6.598572295,3.915216534,2.567820998,2.551315608,2.85096653,1
47.94377596,6.599611196,3.917801845,2.568608899,2.551792842,2.851439233,1
48.20447212,6.60060855,3.920386819,2.569402963,2.552274737,2.851916611,1
48.51869545,6.601763715,3.923502038,2.570368191,2.552861744,2.852498197,1
48.83291878,6.602874681,3.926616644,2.571342232,2.553455467,2.853086522,1
49.14714211,6.603948408,3.92973058,2.572325011,2.554055879,2.853681558,1
49.54789094,6.605273651,3.933700927,2.573590965,2.554831276,2.854450133,1
49.94863977,6.606557606,3.93767002,2.574870867,2.555617447,2.855229519,1
50.43104231,6.608060154,3.942446057,2.576429839,2.556578005,2.856181961,1
50.91344486,6.609525031,3.947220065,2.578008578,2.557553993,2.857149888,1
51.49673782,6.61125826,3.952989667,2.579943542,2.558754563,2.858340782,1
52.08003077,6.61295904,3.958756031,2.581906671,2.559977386,2.859554008,1
52.80913875,6.615051622,3.965959166,2.584399536,2.561536925,2.861101662,1
53.68440742,6.617527142,3.974599078,2.58744841,2.563454227,2.863004855,1
54.55967609,6.619972394,3.983230887,2.590557661,2.565420322,2.864957012,1
55.67832353,6.623065053,3.994250671,2.594617458,2.568003293,2.867522414,1
57.1069924,6.626972326,4.008303931,2.599939408,2.57141514,2.870912211,1
58.90685757,6.631837552,4.025974587,2.606856769,2.575891136,2.875361027,1
61.22221607,6.638012293,4.048648578,2.616092066,2.581934922,2.881370785,1
64.38793537,6.646311523,4.079540799,2.629306024,2.590706629,2.890097564,1
68.7841708,6.657572774,4.122222373,2.648719682,2.603833232,2.903164595,1
73.18040624,6.668534481,4.164640143,2.66930363,2.618028928,2.917303649,1
77.57664167,6.679205514,4.206784421,2.690983718,2.633260438,2.932481161,1
81.9728771,6.689594078,4.24864721,2.713691964,2.649497548,2.948666693,1
86.36911254,6.699707845,4.290221934,2.737366031,2.666712651,2.965832449,1
90.76534797,6.709554036,4.331503163,2.7619481,2.684880071,2.9839526,1
95.1615834,6.719139545,4.372486401,2.787383971,2.703975508,3.003002717,1
99.55781884,6.728471037,4.413167939,2.813622436,2.723975617,3.022959348,1
102.3978714,6.734366446,4.439287414,2.830980195,2.737368115,3.03632469,1
105.2379239,6.740160378,4.465278949,2.848639522,2.751122625,3.050052758,1
108.0779765,6.745854556,4.491141962,2.866588209,2.765233142,3.064137531,1
110.918029,6.751450643,4.516875968,2.884814514,2.779693726,3.078573055,1
114.9524567,6.759235525,4.553209552,2.911157915,2.800824231,3.099669112,1
120.8657064,6.770306488,4.605989363,2.950665032,2.833008366,3.131805142,1
128.1788889,6.783459102,4.670483019,3.000874495,2.874734589,3.173475661,1
135.4920713,6.796037571,4.734112397,3.052428519,2.918495915,3.217185335,1
144.4187795,6.810657108,4.810610352,3.116930351,2.974502605,3.273134368,1
156.2669809,6.828897961,4.910168671,3.204761077,3.052890158,3.351454378,1
168.1151822,6.845897162,5.007498638,3.294646076,3.135489778,3.433996488,1
179.9633835,6.861760163,5.102633148,3.386061989,3.221799452,3.520258584,1
191.8115849,6.876589345,5.195611737,3.478533584,3.311297414,3.609718804,1
205.8647912,6.892980458,5.303161415,3.588969923,3.420808313,3.719197439,1
219.9179975,6.908199756,5.407816609,3.699675318,3.533168302,3.831538428,1
233.9712038,6.9223835,5.50965229,3.810099625,3.647501891,3.945865821,1
252.3443145,6.939592397,5.638657479,3.953173626,3.798419357,4.096793182,1
274.7309238,6.958821497,5.789662768,4.124309284,3.982176409,4.280587528,1
297.151581,6.976472455,5.934208702,4.290931942,4.163550385,4.462023683,1
319.5722383,6.992812875,6.07209502,4.451516328,4.339738217,4.638294401,1
341.9928955,7.008072749,6.203240181,4.604955815,4.508640211,4.807295561,1
364.4135528,7.022413393,6.32744928,4.750278204,4.668600004,4.967366577,1
386.83421,7.035934572,6.444431056,4.886622538,4.818354118,5.117240267,1
409.2548673,7.048682854,6.553822127,5.013224029,4.956953198,5.255964222,1
431.6755245,7.060659986,6.655211925,5.129403923,5.083679157,5.382817928,1
456.8398738,7.073138561,6.75891809,5.246617686,5.211055368,5.510338521,1
482.0042231,7.084507791,6.851360868,5.34919209,5.322130247,5.621556514,1
499.8614503,7.091841667,6.909812557,5.41276148,5.390790335,5.690316055,1
517.7186774,7.098503386,6.962026546,5.468359507,5.450751341,5.750373817,1
530.6648469,7.102882772,6.995853824,5.503557026,5.488674478,5.788364731,1
543.6110164,7.106855184,7.026168735,5.534328796,5.521817219,5.821572661,1
553.1031583,7.109496121,7.046104656,5.554016681,5.543022207,5.842823392,1
562.5953002,7.111894688,7.064037752,5.571202526,5.561540083,5.861384877,1
569.6095175,7.113505623,7.07596959,5.582257197,5.573460185,5.873335569,1
576.6237348,7.114973744,7.086741614,5.591869408,5.583835841,5.883740148,1
580.4563776,7.115714392,7.092126602,5.596499073,5.588839101,5.888758403,1
583.4471171,7.116261423,7.096075345,5.599797035,5.592406795,5.892337347,1
585.3855243,7.116601353,7.098513854,5.601784449,5.594558675,5.894496288,1
586.9614836,7.11686918,7.100425139,5.603311659,5.596213501,5.896156712,1
588.5374429,7.11712931,7.102271562,5.604758192,5.597782105,5.897730778,1
590.1134022,7.117381721,7.104052211,5.60612285,5.599263216,5.899217208,1
591.6893615,7.117626401,7.105766056,5.607404271,5.600655385,5.900614545,1
593.2653209,7.117863349,7.107411925,5.608600881,5.601956945,5.90192111,1
594.8412802,7.118092583,7.108988477,5.609710853,5.603165949,5.903134947,1
596.4172395,7.118314145,7.110494151,5.61073202,5.604280099,5.904253746,1
597.9931988,7.118528108,7.111927099,5.611661774,5.605296619,5.905274716,1
599.5691582,7.118734601,7.113285085,5.612496888,5.606212071,5.906194401,1
600.7703391,7.118887102,7.11426827,5.613067605,5.606839557,5.906824955,1
601.97152,7.119035528,7.1152048,5.613578698,5.607403362,5.907391679,1
602.9079177,7.119148539,7.11590143,5.61393408,5.607796889,5.907787365,1
603.8443154,7.119259345,7.116567455,5.614249705,5.608147896,5.90814042,1
604.5637301,7.119343101,7.117057578,5.614463929,5.608387297,5.908381311,1
605.2831448,7.119425816,7.117528032,5.614652059,5.608598692,5.908594112,1
605.8261045,7.119487665,7.117869534,5.614775857,5.608738662,5.90873508,1
606.3690641,7.119549159,7.118198734,5.614882892,5.608860514,5.908857868,1
606.7656203,7.119593943,7.118431051,5.614949847,5.608937333,5.908935326,1
607.1621765,7.119638744,7.118656109,5.615006556,5.609002953,5.909001539,1
607.4147884,7.119667356,7.118795525,5.615037009,5.60903852,5.909037456,1
607.6236239,7.119691109,7.118908334,5.615058579,5.609063928,5.909063134,1
607.7774332,7.11970869,7.118989943,5.615072245,5.609080161,5.909079553,1
607.8984527,7.119722597,7.119053239,5.615081586,5.609091346,5.909090875,1
607.9908934,7.119733275,7.119101025,5.615087833,5.609098884,5.909098513,1
608.083334,7.119744016,7.119148306,5.615093263,5.609105488,5.909105209,1
608.1504234,7.119751858,7.119182295,5.615096663,5.609109659,5.909109443,1
608.2175129,7.119759749,7.119215999,5.615099576,5.609113264,5.909113107,1
608.2656164,7.119765442,7.119239985,5.615101347,5.609115477,5.909115359,1
608.3137199,7.119771173,7.119263813,5.615102828,5.60911735,5.909117268,1
608.3423802,7.119774607,7.119277932,5.615103566,5.609118292,5.909118233,1
608.3710404,7.119778059,7.119291991,5.615104183,5.609119091,5.909119061,1
608.3747727,7.119778511,7.119293817,5.615104255,5.609119185,5.909119158,1
608.3785049,7.119778962,7.119295642,5.615104324,5.609119275,5.909119253,1
608.3822372,7.119779414,7.119297466,5.615104391,5.609119363,5.909119344,1
608.3913478,7.119780518,7.119301914,5.615104544,5.609119566,5.909119553,1
608.4050352,7.119782183,7.119308583,5.615104748,5.609119837,5.909119831,1
608.4132879,7.11978319,7.119312597,5.615104854,5.609119981,5.909119976,1
608.4199224,7.119784001,7.119315819,5.61510493,5.609120086,5.909120081,1
608.4250292,7.119784626,7.119318296,5.615104982,5.609120159,5.909120155,1
608.4291014,7.119785126,7.11932027,5.615105019,5.609120212,5.909120208,1
608.4320034,7.119785483,7.119321676,5.615105044,5.609120248,5.909120244,1
608.4340677,7.119785737,7.119322675,5.61510506,5.609120272,5.909120268,1
608.436132,7.119785991,7.119323674,5.615105076,5.609120294,5.909120291,1
608.4381963,7.119786245,7.119324672,5.61510509,5.609120316,5.909120313,1
608.4402606,7.1197865,7.11932567,5.615105103,5.609120336,5.909120333,1
608.4423249,7.119786755,7.119326667,5.615105115,5.609120355,5.909120352,1
608.4443892,7.11978701,7.119327664,5.615105126,5.609120372,5.90912037,1
608.4459909,7.119787208,7.119328437,5.615105133,5.609120385,5.909120382,1
608.4471658,7.119787353,7.119329004,5.615105138,5.609120393,5.909120391,1
608.4480744,7.119787466,7.119329443,5.615105142,5.6091204,5.909120398,1
608.4489831,7.119787578,7.119329881,5.615105145,5.609120406,5.909120404,1
608.4498918,7.119787691,7.119330319,5.615105148,5.609120411,5.90912041,1
608.4508005,7.119787804,7.119330757,5.615105151,5.609120417,5.909120415,1
608.4519005,7.119787941,7.119331287,5.615105154,5.609120423,5.909120421,1
608.4530005,7.119788077,7.119331816,5.615105156,5.609120429,5.909120427,1
608.4541822,7.119788224,7.119332385,5.615105158,5.609120434,5.909120433,1
608.455364,7.119788371,7.119332954,5.61510516,5.609120439,5.909120438,1
608.4563112,7.11978849,7.119333409,5.615105161,5.609120443,5.909120442,1
608.4572584,7.119788608,7.119333864,5.615105161,5.609120446,5.909120445,1
608.4578982,7.119788688,7.119334172,5.615105161,5.609120448,5.909120447,1
608.4583943,7.11978875,7.11933441,5.61510516,5.609120449,5.909120448,1
608.4587605,7.119788796,7.119334586,5.61510516,5.60912045,5.909120449,1
608.4591267,7.119788841,7.119334761,5.615105159,5.609120451,5.90912045,1
608.459232,7.119788855,7.119334812,5.615105159,5.609120451,5.90912045,1
608.4592698,7.119788859,7.11933483,5.615105159,5.609120451,5.90912045,1
608.4592975,7.119788863,7.119334843,5.615105159,5.609120451,5.909120451,1
608.4593252,7.119788866,7.119334856,5.615105159,5.609120451,5.909120451,1
608.4593414,7.119788868,7.119334864,5.615105159,5.609120451,5.909120451,1
608.4593577,7.11978887,7.119334872,5.615105159,5.609120451,5.909120451,1
608.4593814,7.119788873,7.119334883,5.615105159,5.609120451,5.909120451,1
608.4594697,7.119788884,7.119334925,5.615105159,5.609120452,5.909120451,1
608.4594865,7.119788887,7.119334933,5.615105159,5.609120452,5.909120451,1
608.4594988,7.119788888,7.119334939,5.615105158,5.609120452,5.909120451,1
608.4595112,7.11978889,7.119334945,5.615105158,5.609120452,5.909120451,1
608.4595283,7.119788892,7.119334954,5.615105158,5.609120452,5.909120451,1
608.4595536,7.119788895,7.119334966,5.615105158,5.609120452,5.909120451,1
608.4595874,7.119788899,7.119334982,5.615105158,5.609120452,5.909120451,1
608.4596307,7.119788905,7.119335003,5.615105158,5.609120452,5.909120451,1
608.4596887,7.119788912,7.11933503,5.615105158,5.609120452,5.909120451,1
608.4597689,7.119788922,7.119335069,5.615105158,5.609120452,5.909120451,1
608.4598738,7.119788935,7.119335119,5.615105157,5.609120452,5.909120452,1
608.4599786,7.119788948,7.119335169,5.615105157,5.609120452,5.909120452,1
608.4600835,7.119788962,7.11933522,5.615105156,5.609120453,5.909120452,1
608.4601884,7.119788975,7.11933527,5.615105156,5.609120453,5.909120452,1
608.4604919,7.119789013,7.119335415,5.615105155,5.609120453,5.909120453,1
608.4609111,7.119789066,7.119335616,5.615105153,5.609120454,5.909120453,1
608.4613302,7.119789119,7.119335817,5.615105151,5.609120454,5.909120454,1
608.4617493,7.119789171,7.119336018,5.615105149,5.609120454,5.909120454,1
608.4623284,7.119789244,7.119336296,5.615105147,5.609120454,5.909120454,1
608.4631297,7.119789346,7.119336681,5.615105143,5.609120454,5.909120454,1
608.463931,7.119789447,7.119337065,5.615105138,5.609120453,5.909120453,1
608.4649388,7.119789574,7.119337549,5.615105133,5.609120451,5.909120451,1
608.4662096,7.119789735,7.119338159,5.615105126,5.609120446,5.909120447,1
608.4668042,7.11978981,7.119338445,5.615105123,5.609120444,5.909120445,1
608.4673987,7.119789885,7.11933873,5.615105119,5.609120441,5.909120442,1
608.467482,7.119789896,7.11933877,5.615105119,5.60912044,5.909120442,1
608.4675652,7.119789906,7.11933881,5.615105118,5.60912044,5.909120441,1
608.4675944,7.11978991,7.119338824,5.615105118,5.60912044,5.909120441,1
608.4676236,7.119789914,7.119338838,5.615105118,5.60912044,5.909120441,1
608.4676527,7.119789917,7.119338852,5.615105118,5.609120439,5.909120441,1
608.4676893,7.119789922,7.11933887,5.615105118,5.609120439,5.909120441,1
608.4678098,7.119789937,7.119338928,5.615105117,5.609120438,5.90912044,1
608.4679595,7.119789956,7.119339,5.615105117,5.609120437,5.909120439,1
608.4680584,7.119789969,7.119339048,5.615105117,5.609120436,5.909120438,1
608.4680941,7.119789973,7.119339065,5.615105116,5.609120436,5.909120438,1
608.4681298,7.119789978,7.119339082,5.615105116,5.609120435,5.909120438,1
608.4681655,7.119789982,7.119339099,5.615105116,5.609120435,5.909120438,1
608.4682237,7.11978999,7.119339127,5.615105115,5.609120435,5.909120437,1
608.4683188,7.119790002,7.119339173,5.615105115,5.609120434,5.909120436,1
608.4684342,7.119790016,7.119339228,5.615105114,5.609120433,5.909120435,1
608.4685495,7.119790031,7.119339284,5.615105113,5.609120431,5.909120434,1
608.468727,7.119790053,7.119339369,5.615105112,5.60912043,5.909120432,1
608.4689452,7.119790081,7.119339474,5.615105111,5.609120427,5.90912043,1
608.4691634,7.119790108,7.11933958,5.615105109,5.609120425,5.909120428,1
608.4693816,7.119790136,7.119339685,5.615105108,5.609120423,5.909120426,1
608.4696742,7.119790173,7.119339825,5.615105106,5.60912042,5.909120423,1
608.4700651,7.119790223,7.119340014,5.615105104,5.609120416,5.909120419,1
608.4705414,7.119790283,7.119340243,5.615105101,5.609120411,5.909120414,1
608.4711279,7.119790357,7.119340525,5.615105098,5.609120404,5.909120407,1
608.4723181,7.119790508,7.119341099,5.61510509,5.60912039,5.909120394,1
608.4738466,7.119790702,7.119341835,5.615105079,5.609120372,5.909120375,1
608.4757944,7.119790949,7.119342773,5.615105065,5.609120347,5.909120351,1
608.4777423,7.119791196,7.11934371,5.61510505,5.609120321,5.909120325,1
608.4796902,7.119791444,7.119344648,5.615105034,5.609120294,5.909120298,1
608.4822382,7.119791768,7.119345875,5.615105012,5.609120258,5.909120262,1
608.4847862,7.119792092,7.119347101,5.61510499,5.60912022,5.909120224,1
608.4881259,7.119792517,7.119348707,5.615104959,5.609120168,5.909120173,1
608.492341,7.119793053,7.119350734,5.615104918,5.6091201,5.909120105,1
608.4976035,7.119793724,7.119353264,5.615104864,5.609120012,5.909120017,1
608.5042472,7.119794571,7.119356455,5.615104791,5.609119895,5.9091199,1
608.5124732,7.11979562,7.119360402,5.615104694,5.609119742,5.909119748,1
608.5213567,7.119796754,7.11936466,5.615104583,5.60911957,5.909119577,1
608.5302402,7.119797888,7.119368913,5.615104465,5.609119389,5.909119397,1
608.5418538,7.119799371,7.119374466,5.615104301,5.609119144,5.909119153,1
608.5584774,7.119801495,7.1193824,5.61510405,5.609118773,5.909118786,1
608.5751009,7.119803618,7.119390316,5.61510378,5.609118384,5.909118399,1
608.5945635,7.119806102,7.119399562,5.615103442,5.609117904,5.909117925,1
608.6196776,7.119809305,7.119411457,5.615102972,5.609117252,5.909117279,1
608.6447916,7.119812503,7.119423312,5.615102466,5.609116564,5.909116598,1
608.6767413,7.119816563,7.119438334,5.615101772,5.609115641,5.909115684,1
608.7195489,7.119821986,7.119458357,5.615100756,5.609114324,5.909114379,1
608.7623564,7.119827388,7.11947826,5.615099643,5.609112916,5.909112983,1
608.805164,7.119832766,7.119498042,5.615098436,5.609111422,5.909111498,1
608.8766947,7.119841695,7.119530824,5.615096206,5.609108732,5.909108823,1
608.9482253,7.119850551,7.119563262,5.615093713,5.609105805,5.909105911,1
609.0197559,7.11985933,7.119595349,5.615090954,5.609102641,5.909102763,1
609.1296285,7.119872659,7.119643936,5.615086193,5.609097316,5.909097467,1
609.3248845,7.119895863,7.11972811,5.61507613,5.609086443,5.909086652,1
609.4695089,7.119912649,7.119788599,5.615067326,5.609077206,5.909077466,1
609.6141334,7.119929087,7.119847397,5.615057327,5.609066932,5.909067248,1
609.7218927,7.119941111,7.119890038,5.615049073,5.609058587,5.909058951,1
609.829652,7.119952952,7.119931592,5.615040099,5.609049633,5.909050049,1
609.9034633,7.119960971,7.11995938,5.615033522,5.609043141,5.909043595,1
609.9621322,7.119967304,7.119981037,5.615028034,5.609037766,5.909038252,1
610.0064251,7.119972075,7.119997111,5.615023731,5.609033579,5.909034091,1
610.0407758,7.11997578,7.120009399,5.615020297,5.609030255,5.909030787,1
610.0671901,7.119978643,7.120018731,5.615017596,5.609027651,5.9090282,1
610.0876027,7.119980871,7.120025866,5.615015472,5.60902561,5.909026172,1
610.1033603,7.119982607,7.120031324,5.61501381,5.609024018,5.90902459,1
610.1155395,7.119983964,7.120035511,5.615012511,5.609022777,5.909023357,1
610.1249608,7.119985026,7.120038727,5.615011498,5.60902181,5.909022397,1
610.1323735,7.119985874,7.120041243,5.615010696,5.609021046,5.909021637,1
610.1383668,7.119986569,7.120043267,5.615010044,5.609020425,5.909021021,1
610.1431619,7.119987133,7.120044879,5.61500952,5.609019927,5.909020526,1
610.14695,7.119987587,7.120046148,5.615009104,5.609019533,5.909020134,1
610.1499013,7.119987946,7.120047132,5.61500878,5.609019225,5.909019828,1
610.152148,7.119988225,7.120047879,5.615008532,5.60901899,5.909019595,1
610.1538247,7.119988436,7.120048435,5.615008347,5.609018815,5.909019421,1
610.1550403,7.119988593,7.120048837,5.615008212,5.609018687,5.909019294,1
610.1558943,7.119988704,7.120049119,5.615008118,5.609018598,5.909019206,1
610.1564684,7.119988781,7.120049308,5.615008054,5.609018538,5.909019146,1
610.1568338,7.11998883,7.120049428,5.615008014,5.609018499,5.909019108,1
610.1570644,7.119988862,7.120049504,5.615007988,5.609018475,5.909019084,1
610.1572167,7.119988883,7.120049554,5.615007971,5.609018459,5.909019068,1
610.1572302,7.119988885,7.120049558,5.61500797,5.609018458,5.909019066,1
610.1572403,7.119988887,7.120049562,5.615007969,5.609018457,5.909019065,1
610.1572504,7.119988888,7.120049565,5.615007968,5.609018456,5.909019064,1
610.1572606,7.11998889,7.120049568,5.615007967,5.609018455,5.909019063,1
610.1572735,7.119988891,7.120049572,5.615007965,5.609018453,5.909019062,1
610.1572766,7.119988892,7.120049573,5.615007965,5.609018453,5.909019062,1
610.1572809,7.119988892,7.120049575,5.615007964,5.609018452,5.909019061,1
610.1572864,7.119988893,7.120049577,5.615007964,5.609018452,5.909019061,1
610.1572947,7.119988894,7.120049579,5.615007963,5.609018451,5.90901906,1
610.1573077,7.119988896,7.120049584,5.615007961,5.60901845,5.909019058,1
610.1573265,7.119988899,7.12004959,5.615007959,5.609018448,5.909019056,1
610.1573524,7.119988903,7.120049598,5.615007956,5.609018445,5.909019054,1
610.1573842,7.119988907,7.120049609,5.615007953,5.609018442,5.90901905,1
610.1574353,7.119988914,7.120049625,5.615007947,5.609018436,5.909019045,1
610.1574864,7.119988922,7.120049642,5.615007942,5.609018431,5.90901904,1
610.1576083,7.119988939,7.120049682,5.615007928,5.609018418,5.909019027,1
610.1577558,7.11998896,7.12004973,5.615007912,5.609018403,5.909019012,1
610.1579033,7.11998898,7.120049778,5.615007895,5.609018387,5.909018996,1
610.158086,7.119989006,7.120049838,5.615007875,5.609018368,5.909018977,1
610.1583517,7.119989043,7.120049925,5.615007846,5.60901834,5.909018949,1
610.1586952,7.119989091,7.120050037,5.615007807,5.609018304,5.909018914,1
610.1590386,7.119989139,7.120050148,5.615007769,5.609018268,5.909018878,1
610.159489,7.119989201,7.120050295,5.615007719,5.609018221,5.909018831,1
610.1601247,7.11998929,7.120050502,5.615007649,5.609018154,5.909018765,1
610.1608888,7.119989396,7.12005075,5.615007564,5.609018073,5.909018685,1
610.1616528,7.119989501,7.120050997,5.615007479,5.609017993,5.909018605,1
610.1626395,7.119989637,7.120051317,5.615007369,5.609017889,5.909018502,1
610.16397,7.11998982,7.120051748,5.615007221,5.609017749,5.909018363,1
610.1653005,7.119990002,7.120052177,5.615007072,5.609017609,5.909018223,1
610.1669583,7.119990227,7.120052712,5.615006887,5.609017434,5.90901805,1
610.1691267,7.11999052,7.120053411,5.615006644,5.609017205,5.909017822,1
610.171295,7.119990809,7.120054108,5.615006401,5.609016976,5.909017594,1
610.1739984,7.119991167,7.120054975,5.615006097,5.609016689,5.90901731,1
610.177475,7.119991619,7.120056088,5.615005704,5.60901632,5.909016944,1
610.1809515,7.119992064,7.120057199,5.615005311,5.609015951,5.909016576,1
610.1852331,7.119992601,7.120058563,5.615004824,5.609015494,5.909016123,1
610.1907125,7.119993271,7.120060304,5.615004199,5.609014908,5.909015541,1
610.1961919,7.11999392,7.120062039,5.61500357,5.60901432,5.909014957,1
610.2029145,7.119994689,7.120064161,5.615002794,5.609013595,5.909014238,1
610.2117719,7.119995657,7.120066946,5.615001764,5.609012636,5.909013286,1
610.2226049,7.119996774,7.120070335,5.615000492,5.609011455,5.909012114,1
610.2334378,7.119997821,7.120073707,5.614999208,5.609010266,5.909010933,1
610.2478638,7.119999116,7.120078171,5.614997479,5.609008669,5.909009348,1
610.2685391,7.120000797,7.12008452,5.614994961,5.609006353,5.90900705,1
610.2939414,7.120002624,7.120092246,5.614991806,5.609003464,5.909004184,1
610.3113494,7.120003749,7.120097495,5.614989605,5.609001455,5.909002191,1
610.3230269,7.120004458,7.120100996,5.614988112,5.609000095,5.909000842,1
610.3347045,7.120005136,7.120104482,5.614986604,5.608998724,5.908999481,1
610.346382,7.120005788,7.120107954,5.614985083,5.608997342,5.908998111,1
610.3580595,7.120006417,7.120111411,5.614983548,5.608995949,5.90899673,1
610.3668053,7.120006874,7.120113991,5.614982389,5.6089949,5.908995688,1
610.373428,7.120007213,7.120115939,5.614981507,5.608994101,5.908994896,1
610.3785429,7.120007471,7.120117441,5.614980823,5.608993481,5.908994281,1
610.3819071,7.120007639,7.120118428,5.614980371,5.608993072,5.908993876,1
610.3852712,7.120007806,7.120119413,5.614979919,5.608992663,5.90899347,1
610.3899675,7.120008037,7.120120787,5.614979285,5.60899209,5.908992901,1
610.3982649,7.120008438,7.120123209,5.614978161,5.608991073,5.908991893,1
610.4099112,7.120008991,7.120126598,5.614976571,5.608989637,5.908990468,1
610.424417,7.120009662,7.120130801,5.614974574,5.608987833,5.908988679,1
610.4389227,7.120010316,7.120134986,5.614972556,5.608986012,5.908986873,1
610.4571514,7.120011115,7.120140219,5.614969994,5.608983701,5.90898458,1
610.4753801,7.120011893,7.120145425,5.614967401,5.608981363,5.908982261,1
610.4991515,7.120012877,7.120152173,5.614963975,5.608978275,5.908979198,1
610.5259597,7.120013947,7.12015973,5.614960053,5.60897474,5.908975691,1
610.5344207,7.120014276,7.120162104,5.614958801,5.608973613,5.908974572,1
610.5346217,7.120014284,7.120162161,5.614958772,5.608973586,5.908974546,1
610.5348833,7.120014294,7.120162234,5.614958733,5.608973551,5.908974511,1
610.5351448,7.120014304,7.120162307,5.614958694,5.608973516,5.908974476,1
610.535639,7.120014323,7.120162446,5.614958621,5.60897345,5.908974411,1
610.536245,7.120014346,7.120162615,5.614958531,5.608973369,5.90897433,1
610.5372771,7.120014386,7.120162904,5.614958378,5.608973231,5.908974193,1
610.5438985,7.120014639,7.120164757,5.614957393,5.608972343,5.908973313,1
610.5524048,7.120014964,7.120167133,5.614956122,5.608971198,5.908972177,1
610.563888,7.120015401,7.120170331,5.614954397,5.608969643,5.908970634,1
610.5846254,7.120016186,7.120176084,5.614951254,5.60896681,5.908967822,1
610.5977745,7.120016681,7.120179716,5.614949242,5.608964996,5.908966023,1
610.6086097,7.120017086,7.1201827,5.614947574,5.608963492,5.90896453,1
610.6194449,7.12001749,7.120185677,5.614945897,5.608961979,5.908963028,1
610.6311019,7.120017923,7.12018887,5.614944082,5.608960341,5.908961403,1
610.6547517,7.120018797,7.120195323,5.614940366,5.608956987,5.908958074,1
610.7238765,7.120021318,7.12021399,5.614929263,5.608946948,5.908948108,1
610.7805753,7.120023351,7.120229092,5.61491989,5.608938456,5.908939676,1
610.8372742,7.120025358,7.120244019,5.614910288,5.608929738,5.908931018,1
610.8939731,7.120027342,7.120258778,5.614900466,5.6089208,5.908922138,1
610.950672,7.120029304,7.120273378,5.614890432,5.608911646,5.908913044,1
610.9902661,7.120030664,7.120283483,5.614883303,5.60890513,5.908906568,1
611.0210687,7.120031715,7.120291294,5.61487769,5.608899991,5.90890146,1
611.0518712,7.120032762,7.120299062,5.614872019,5.608894792,5.908896292,1
611.0826738,7.120033804,7.120306789,5.614866291,5.608889534,5.908891066,1
611.1303508,7.120035407,7.120318668,5.614857315,5.608881283,5.908882861,1
611.2042011,7.120037871,7.120336883,5.614843159,5.608868234,5.908869886,1
611.2973438,7.120040946,7.120359548,5.614824879,5.60885133,5.908853072,1
611.3904866,7.120043988,7.120381882,5.614806144,5.608833944,5.908835773,1
611.5047047,7.120047677,7.120408842,5.61478258,5.608811995,5.908813929,1
611.6504587,7.120052324,7.120442602,5.61475162,5.608783029,5.908785093,1
611.7962126,7.120056907,7.120475676,5.614719712,5.608753042,5.908755232,1
611.9765848,7.120062499,7.120515718,5.614679002,5.608714607,5.908716946,1
612.2049023,7.120069459,7.12056509,5.614625666,5.608663989,5.908666508,1
612.4692124,7.120077365,7.12062054,5.614561587,5.608602843,5.908605559,1
612.7335225,7.120085117,7.120674287,5.614495192,5.608539161,5.908542062,1
612.9978326,7.120092726,7.120726452,5.614426661,5.608473135,5.908476211,1
613.2621427,7.120100199,7.12077714,5.614356148,5.608404932,5.908408173,1
613.5866651,7.120109198,7.120837498,5.61426707,5.608318443,5.908321875,1
613.9498756,7.120119051,7.120902756,5.614164338,5.608218307,5.90822194,1
614.313086,7.120128685,7.12096575,5.614058634,5.608114907,5.908118727,1
614.6762964,7.120138109,7.121026634,5.613950181,5.608008487,5.908012483,1
615.0395068,7.120147333,7.121085541,5.61383917,5.607899261,5.907903423,1
615.4027173,7.120156365,7.121142591,5.613725772,5.607787417,5.907791736,1
615.7659277,7.120165213,7.12119789,5.613610135,5.607673122,5.907677589,1
616.1291381,7.120173884,7.121251531,5.613492392,5.607556523,5.90756113,1
616.3805246,7.120179785,7.121287728,5.613409723,5.607474534,5.907479235,1
616.6319111,7.120185606,7.121323199,5.613326139,5.607391547,5.907396338,1
616.8327803,7.1201902,7.121351037,5.613258716,5.607324543,5.907329403,1
617.0336494,7.120194746,7.121378439,5.613190748,5.607256944,5.907261872,1
617.2345186,7.120199244,7.121405418,5.61312225,5.607188767,5.90719376,1
617.517021,7.12020549,7.121442666,5.613025048,5.607091938,5.907097022,1
617.910874,7.120214047,7.121493291,5.612887911,5.606955178,5.906960382,1
618.3047271,7.120222432,7.121542455,5.612748961,5.606816445,5.906821765,1
618.6985802,7.12023065,7.121590224,5.612608287,5.606675838,5.906681267,1
619.230422,7.120241492,7.121652634,5.61241575,5.606483168,5.906488739,1
619.8937255,7.120254617,7.121727288,5.612171719,5.606238642,5.906244376,1
620.608872,7.120268295,7.121804063,5.611904081,5.60597009,5.90597599,1
621.3240185,7.1202815,7.121877239,5.611632071,5.605696805,5.905702859,1
622.039165,7.120294253,7.121947061,5.611356001,5.605419132,5.905425329,1
622.9513104,7.120309893,7.122031621,5.610998467,5.605059123,5.905065489,1
624.0496836,7.120327842,7.122127269,5.610560528,5.604617624,5.904624177,1
625.1480568,7.12034487,7.1222167,5.610115162,5.604168128,5.904174852,1
626.24643,7.120361027,7.122300451,5.609663037,5.603711365,5.903718245,1
627.6118074,7.120379975,7.122397399,5.609092522,5.603134458,5.903141514,1
629.2422568,7.12040106,7.122503765,5.608400153,5.602433654,5.9024409,1
630.8727063,7.120420578,7.122600895,5.607696926,5.601721224,5.901728637,1
632.5031557,7.120438647,7.12268977,5.606984033,5.600998454,5.901006018,1
634.5842846,7.120459803,7.122792656,5.606061774,5.600062751,5.900070486,1
637.1088972,7.120482868,7.122903499,5.60492674,5.598910323,5.898918237,1
639.6335099,7.120503366,7.123000931,5.60377616,5.59774133,5.897749398,1
642.1581225,7.120521593,7.123086799,5.602612216,5.596558113,5.896566315,1
645.4640456,7.120542504,7.123184521,5.601071097,5.594990684,5.894999036,1
649.5491812,7.120564379,7.123285916,5.599144476,5.593030167,5.89303867,1
653.6343167,7.120582536,7.123369494,5.597197418,5.591047957,5.891056584,1
657.7194522,7.120597628,7.123438633,5.595233832,5.589048219,5.889056947,1
662.7988963,7.120612984,7.123508728,5.592774181,5.586542532,5.886551361,1
667.8783403,7.120625248,7.123564576,5.590298269,5.584019619,5.884028528,1
674.0215672,7.120636918,7.123617667,5.587287355,5.580950892,5.880959876,1
681.1205883,7.120647113,7.123664098,5.583790995,5.57738673,5.87739578,1
688.2196095,7.120654666,7.123698611,5.580281073,5.573808218,5.873817317,1
695.3186306,7.120660312,7.123724565,5.576761418,5.570219408,5.870228544,1
704.6318831,7.120665758,7.123749834,5.572133978,5.565500668,5.865509839,1
716.0469842,7.120670379,7.123771635,5.566451777,5.559705961,5.859715164,1
727.4620854,7.12067353,7.123786889,5.560762139,5.55390339,5.853912616,1
741.708771,7.120676334,7.123800899,5.553655443,5.546655419,5.846664666,1
759.4628194,7.120678889,7.123814191,5.544794431,5.537618081,5.837627348,1
781.4185854,7.120681386,7.12382768,5.533833005,5.52643841,5.826447698,1
809.0584198,7.120684149,7.123842974,5.520031894,5.512362446,5.812371758,1
845.6248282,7.120687651,7.123862537,5.501772821,5.493739715,5.793749058,1
897.9399643,7.120692676,7.123890598,5.47564988,5.467096511,5.767105899,1
981.3825763,7.120700859,7.123936127,5.433984738,5.424601633,5.724611092,1
1136.162835,7.120716591,7.12402312,5.356701865,5.345779931,5.645789525,1
1316.162835,7.120735807,7.124128535,5.266831749,5.254120715,5.554130469,1
1496.162835,7.120756072,7.124238786,5.176967501,5.162467898,5.462477816,1
1676.162835,7.120777449,7.124354181,5.087109497,5.070821894,5.370831979,1
1856.162835,7.120800005,7.124475049,4.99725814,4.979183142,5.279193399,1
2036.162835,7.120823815,7.124601745,4.907413868,4.887552122,5.187562555,1
2216.162835,7.120848957,7.124734658,4.817577155,4.795929357,5.095939969,1
2396.162835,7.120875517,7.12487421,4.727748522,4.704315414,5.00432621,1
2576.162835,7.120903587,7.125020861,4.637928535,4.612710917,4.912721901,1
2756.162835,7.120933267,7.125175115,4.548117815,4.521116544,4.821127721,1
2936.162835,7.120964669,7.125337523,4.458317042,4.429533041,4.729544417,1
3116.162835,7.12099791,7.125508689,4.368526962,4.337961226,4.637972806,1
3296.162835,7.121033123,7.125689277,4.278748395,4.246401998,4.546413788,1
3476.162835,7.121070448,7.125880016,4.188982245,4.154856348,4.454868353,1
3656.162835,7.121110044,7.126081708,4.099229505,4.063325366,4.363337592,1
3836.162835,7.121152083,7.126295243,4.009491279,3.971810261,4.271822715,1
4016.162835,7.121196753,7.126521601,3.919768785,3.880312369,4.180325058,1
4196.162835,7.121244265,7.126761868,3.830063374,3.788833172,4.088846103,1
4376.162835,7.121294851,7.12701725,3.740376546,3.697374316,3.997387497,1
4556.162835,7.121348766,7.127289087,3.650709972,3.605937635,3.905951075,1
4736.162835,7.121406297,7.127578875,3.561065518,3.514525176,3.814538884,1
4916.162835,7.12146776,7.127888281,3.471445268,3.423139228,3.723153213,1
5096.162835,7.121533511,7.128219173,3.381851556,3.331782356,3.631796629,1
5276.162835,7.121603946,7.128573644,3.292287007,3.240457441,3.540472013,1
5456.162835,7.121679511,7.12895405,3.202754573,3.14916773,3.449182613,1
5636.162835,7.121760707,7.129363045,3.113257586,3.057916887,3.357932096,1
5816.162835,7.121848099,7.129803629,3.023799817,2.966709064,3.266724612,1
5996.162835,7.121942327,7.130279201,2.934385544,2.875548969,3.175564873,1
6176.162835,7.122044117,7.130793621,2.845019636,2.784441968,3.084458246,1
6356.162835,7.122154295,7.131351293,2.755707648,2.693394187,2.993410859,1
6450.947718,7.122215951,7.131663788,2.708701025,2.645475854,2.94549274,1
6545.732602,7.122280375,7.131990619,2.661712307,2.597577197,2.897594306,1
6598.427469,7.122317433,7.132178762,2.635597376,2.570957195,2.87097443,1
6662.252074,7.12236357,7.132413144,2.603974814,2.538723695,2.838741086,1
6745.154891,7.122425625,7.132728656,2.56291361,2.496870317,2.796887916,1
6846.120091,7.122504616,7.1331307,2.512928511,2.445922685,2.745940545,1
6947.085291,7.122587579,7.133553481,2.462969414,2.395003674,2.695021804,-1
7084.757278,7.122707643,7.134166231,2.394892752,2.325622715,2.62564123,-1
7222.429265,7.122836357,7.134824299,2.326873037,2.256304503,2.556323422,-1
7396.021964,7.123012399,7.135726198,2.241196691,2.169000167,2.46901963,-1
7576.021964,7.123213009,7.136756461,2.152477867,2.078605673,2.378625742,-1
7756.021964,7.123434538,7.137897026,2.063898324,1.988365037,2.288385761,-1
7936.021964,7.123680002,7.139164046,1.975478755,1.898301309,2.198322746,-1
8116.021964,7.123952944,7.140576491,1.887243525,1.808441686,2.108463901,-1
8296.021964,7.124257553,7.142156802,1.799221536,1.718818483,2.018841555,-1
8476.021964,7.124598818,7.143931686,1.71144726,1.629470333,1.929494349,-1
8656.021964,7.124982711,7.14593308,1.623962024,1.540443639,1.840468705,-1
8836.021964,7.125416395,7.148199253,1.536815493,1.451794315,1.751820554,-1
9000,7.125861893,7.150531948,1.457769987,1.371419799,1.671447231,-1
